Aachen,1,Valid,L5,21,Fell,1880,50.775,6.08333,"(50.775, 6.08333)",,
Aarhus,2,Valid,H6,720,Fell,1951,56.18333,10.23333,"(56.18333, 10.23333)",,
Abee,6,Valid,EH4,107000,Fell,1952,54.21667,-113,"(54.21667, -113.0)",,
Acapulco,10,Valid,Acapulcoite,1914,Fell,1976,16.88333,-99.9,"(16.88333, -99.9)",,
Achiras,370,Valid,L6,780,Fell,1902,-33.16667,-64.95,"(-33.16667, -64.95)",,
Adhi Kot,379,Valid,EH4,4239,Fell,1919,32.1,71.8,"(32.1, 71.8)",,
Adzhi-Bogdo (stone),390,Valid,LL3-6,910,Fell,1949,44.83333,95.16667,"(44.83333, 95.16667)",,
Agen,392,Valid,H5,30000,Fell,1814,44.21667,0.61667,"(44.21667, 0.61667)",,
Aguada,398,Valid,L6,1620,Fell,1930,-31.6,-65.23333,"(-31.6, -65.23333)",,
Aguila Blanca,417,Valid,L,1440,Fell,1920,-30.86667,-64.55,"(-30.86667, -64.55)",,
Aioun el Atrouss,423,Valid,Diogenite-pm,1000,Fell,1974,16.39806,-9.57028,"(16.39806, -9.57028)",,
Aïr,424,Valid,L6,24000,Fell,1925,19.08333,8.38333,"(19.08333, 8.38333)",,
Aire-sur-la-Lys,425,Valid,Unknown,,Fell,1769,50.66667,2.33333,"(50.66667, 2.33333)",,
Akaba,426,Valid,L6,779,Fell,1949,29.51667,35.05,"(29.51667, 35.05)",,
Akbarpur,427,Valid,H4,1800,Fell,1838,29.71667,77.95,"(29.71667, 77.95)",,
Akwanga,432,Valid,H,3000,Fell,1959,8.91667,8.43333,"(8.91667, 8.43333)",,
Akyumak,433,Valid,"Iron, IVA",50000,Fell,1981,39.91667,42.81667,"(39.91667, 42.81667)",,
Al Rais,446,Valid,CR2-an,160,Fell,1957,24.41667,39.51667,"(24.41667, 39.51667)",,
Al Zarnkh,447,Valid,LL5,700,Fell,2001,13.66033,28.96,"(13.66033, 28.96)",,
Alais,448,Valid,CI1,6000,Fell,1806,44.11667,4.08333,"(44.11667, 4.08333)",,
Albareto,453,Valid,L/LL4,2000,Fell,1766,44.65,11.01667,"(44.65, 11.01667)",,
Alberta,454,Valid,L,625,Fell,1949,2,22.66667,"(2.0, 22.66667)",,
Alby sur Chéran,458,Valid,Eucrite-mmict,252,Fell,2002,45.82133,6.01533,"(45.82133, 6.01533)",,
Aldsworth,461,Valid,LL5,700,Fell,1835,51.78333,-1.78333,"(51.78333, -1.78333)",,
Aleppo,462,Valid,L6,3200,Fell,1873,36.23333,37.13333,"(36.23333, 37.13333)",,
Alessandria,463,Valid,H5,908,Fell,1860,44.88333,8.75,"(44.88333, 8.75)",,
Alexandrovsky,465,Valid,H4,9251,Fell,1900,50.95,31.81667,"(50.95, 31.81667)",,
Alfianello,466,Valid,L6,228000,Fell,1883,45.26667,10.15,"(45.26667, 10.15)",,
Allegan,2276,Valid,H5,32000,Fell,1899,42.53333,-85.88333,"(42.53333, -85.88333)",50,429
Allende,2278,Valid,CV3,2000000,Fell,1969,26.96667,-105.31667,"(26.96667, -105.31667)",,
Almahata Sitta,48915,Valid,Ureilite-an,3950,Fell,2008,20.74575,32.41275,"(20.74575, 32.41275)",,
Alta'ameem,2284,Valid,LL5,6000,Fell,1977,35.27333,44.21556,"(35.27333, 44.21556)",,
Ambapur Nagla,2290,Valid,H5,6400,Fell,1895,27.66667,78.25,"(27.66667, 78.25)",,
Andhara,2294,Valid,Stone-uncl,2700,Fell,1880,26.58333,85.56667,"(26.58333, 85.56667)",,
Andover,2295,Valid,L6,3200,Fell,1898,44.61667,-70.75,"(44.61667, -70.75)",49,1723
Andreevka,2296,Valid,L3,600,Fell,1969,48.7,37.5,"(48.7, 37.5)",,
Andura,2298,Valid,H6,17900,Fell,1939,20.88333,76.86667,"(20.88333, 76.86667)",,
Angers,2301,Valid,L6,,Fell,1822,47.46667,-0.55,"(47.46667, -0.55)",,
Angra dos Reis (stone),2302,Valid,Angrite,1500,Fell,1869,-22.96667,-44.31667,"(-22.96667, -44.31667)",,
Ankober,2304,Valid,H4,6500,Fell,1942,9.53333,39.71667,"(9.53333, 39.71667)",,
Anlong,2305,Valid,H5,2500,Fell,1971,25.15,105.18333,"(25.15, 105.18333)",,
Aomori,2313,Valid,L6,320,Fell,1984,40.81056,140.78556,"(40.81056, 140.78556)",,
Appley Bridge,2318,Valid,LL6,15000,Fell,1914,53.58333,-2.71667,"(53.58333, -2.71667)",,
Apt,2320,Valid,L6,3200,Fell,1803,43.86667,5.38333,"(43.86667, 5.38333)",,
Arbol Solo,2325,Valid,H5,810,Fell,1954,-33,-66,"(-33.0, -66.0)",,
Archie,2329,Valid,H6,5070,Fell,1932,38.5,-94.3,"(38.5, -94.3)",18,2697
Arroyo Aguiar,2340,Valid,H5,7450,Fell,1950,-31.41667,-60.66667,"(-31.41667, -60.66667)",,
Asco,2345,Valid,H6,41,Fell,1805,42.45,9.03333,"(42.45, 9.03333)",,
Ash Creek,48954,Valid,L6,9500,Fell,2009,31.805,-97.01,"(31.805, -97.01)",23,774
Ashdon,2346,Valid,L6,1300,Fell,1923,52.05,0.3,"(52.05, 0.3)",,
Assisi,2353,Valid,H5,2000,Fell,1886,43.03333,12.55,"(43.03333, 12.55)",,
Atarra,4883,Valid,L4,1280,Fell,1920,25.25417,80.625,"(25.25417, 80.625)",,
Atemajac,4884,Valid,L6,94.2,Fell,1896,20.06667,-103.66667,"(20.06667, -103.66667)",,
Athens,4885,Valid,LL6,265,Fell,1933,34.75,-87,"(34.75, -87.0)",29,3134
Atoka,4888,Valid,L6,1384.2,Fell,1945,34.31667,-96.15,"(34.31667, -96.15)",20,602
Aubres,4893,Valid,Aubrite,800,Fell,1836,44.38333,5.16667,"(44.38333, 5.16667)",,
Aumale,4899,Valid,L6,50000,Fell,1865,36.16667,3.66667,"(36.16667, 3.66667)",,
Aumieres,4900,Valid,L6,2000,Fell,1842,44.33333,3.23333,"(44.33333, 3.23333)",,
Ausson,4903,Valid,L5,50000,Fell,1858,43.08333,0.58333,"(43.08333, 0.58333)",,
Avanhandava,4905,Valid,H4,9330,Fell,1952,-21.46028,-49.95083,"(-21.46028, -49.95083)",,
Avce,4906,Valid,"Iron, IIAB",1230,Fell,1908,46,13.5,"(46.0, 13.5)",,
Avilez,4907,Valid,H,146,Fell,1855,25,-103.5,"(25.0, -103.5)",,
Awere,4910,Valid,L4,134,Fell,1968,2.71667,32.83333,"(2.71667, 32.83333)",,
Aztec,4913,Valid,L6,2830,Fell,1938,36.8,-108,"(36.8, -108.0)",11,1989
Bachmut,4917,Valid,L6,18000,Fell,1814,48.6,38,"(48.6, 38.0)",,
Bahjoi,4922,Valid,"Iron, IAB-sLL",10322,Fell,1934,28.48333,78.5,"(28.48333, 78.5)",,
Bald Mountain,4925,Valid,L4,3700,Fell,1929,35.96667,-82.48333,"(35.96667, -82.48333)",37,2373
Baldwyn,4926,Valid,L6,345,Fell,1922,34.5,-88.66667,"(34.5, -88.66667)",32,495
Bali,4928,Valid,CV3,1000,Fell,1907,5.38333,16.38333,"(5.38333, 16.38333)",,
Ban Rong Du,4934,Valid,"Iron, ungrouped",16700,Fell,1993,16.66667,101.18333,"(16.66667, 101.18333)",,
Bandong,4935,Valid,LL6,11500,Fell,1871,-6.91667,107.6,"(-6.91667, 107.6)",,
Bansur,4936,Valid,L6,15000,Fell,1892,27.7,76.33333,"(27.7, 76.33333)",,
Banswal,4937,Valid,L5,14,Fell,1913,30.4,78.2,"(30.4, 78.2)",,
Banten,4938,Valid,CM2,629,Fell,1933,-6.33333,106,"(-6.33333, 106.0)",,
Barbotan,4942,Valid,H5,6400,Fell,1790,43.95,-0.05,"(43.95, -0.05)",,
Barcelona (stone),4944,Valid,OC,,Fell,1704,41.36667,2.16667,"(41.36667, 2.16667)",,
Barea,4946,Valid,Mesosiderite-A1,3200,Fell,1842,42.38333,-2.5,"(42.38333, -2.5)",,
Barnaul,4947,Valid,H5,23.2,Fell,1904,52.73333,84.08333,"(52.73333, 84.08333)",,
Barntrup,4948,Valid,LL4,17,Fell,1886,52,9.1,"(52.0, 9.1)",,
Baroti,4949,Valid,L6,4500,Fell,1910,31.61667,76.8,"(31.61667, 76.8)",,
Barwell,4954,Valid,L5,44000,Fell,1965,52.56528,-1.33972,"(52.56528, -1.33972)",,
Bassikounou,44876,Valid,H5,29560,Fell,2006,15.78333,-5.9,"(15.78333, -5.9)",,
Baszkówka,4957,Valid,L5,15500,Fell,1994,52.03333,20.93583,"(52.03333, 20.93583)",,
Bath,4974,Valid,H4,21000,Fell,1892,45.41667,-98.31667,"(45.41667, -98.31667)",21,662
Bath Furnace,4975,Valid,L6,86000,Fell,1902,38.25,-83.75,"(38.25, -83.75)",36,1921
Battle Mountain,56133,Valid,L6,2900,Fell,2012,40.66813,-117.18913,"(40.66813, -117.18913)",10,2397
Bawku,4976,Valid,LL5,1557,Fell,1989,11.08333,-0.18333,"(11.08333, -0.18333)",,
Baxter,4977,Valid,L6,611,Fell,1916,36.75,-93.5,"(36.75, -93.5)",18,2216
Beardsley,4984,Valid,H5,16000,Fell,1929,39.8,-101.2,"(39.8, -101.2)",17,1285
Beaver Creek,4986,Valid,H5,14000,Fell,1893,51.16667,-117.33333,"(51.16667, -117.33333)",,
Beddgelert,4993,Valid,H5,794,Fell,1949,53.01667,-4.1,"(53.01667, -4.1)",,
Bells,5005,Valid,C2-ung,375,Fell,1961,33.6,-96.46667,"(33.6, -96.46667)",23,1978
Belville,5009,Valid,OC,,Fell,1937,-32.33333,-64.86667,"(-32.33333, -64.86667)",,
Benares (a),5011,Valid,LL4,3700,Fell,1798,25.36667,82.91667,"(25.36667, 82.91667)",,
Benguerir,30443,Valid,LL6,25000,Fell,2004,32.25,-8.15,"(32.25, -8.15)",,
Beni M'hira,5018,Valid,L6,19000,Fell,2001,32.86667,10.8,"(32.86667, 10.8)",,
Benld,5021,Valid,H6,1770.5,Fell,1938,39.08333,-89.15,"(39.08333, -89.15)",34,1869
Benoni,5023,Valid,H6,3880,Fell,1943,-26.16667,28.41667,"(-26.16667, 28.41667)",,
Bensour,5024,Valid,LL6,45000,Fell,2002,30,-7,"(30.0, -7.0)",,
Benton,5026,Valid,LL6,2840,Fell,1949,45.95,-67.55,"(45.95, -67.55)",,
Berduc,48975,Valid,L6,270,Fell,2008,-31.91,-58.32833,"(-31.91, -58.32833)",,
Béréba,5028,Valid,Eucrite-mmict,18000,Fell,1924,11.65,-3.65,"(11.65, -3.65)",,
Berlanguillas,5029,Valid,L6,1440,Fell,1811,41.68333,-3.8,"(41.68333, -3.8)",,
Berthoud,47355,Valid,Eucrite-mmict,960,Fell,2004,40.30583,-105.02325,"(40.30583, -105.02325)",9,1072
Bethlehem,5032,Valid,H,13.9,Fell,1859,42.53333,-73.83333,"(42.53333, -73.83333)",47,2030
Beuste,5034,Valid,L5,2000,Fell,1859,43.21667,-0.23333,"(43.21667, -0.23333)",,
Beyrout,5035,Valid,LL3.8,1100,Fell,1921,33.88333,35.5,"(33.88333, 35.5)",,
Bhagur,5037,Valid,L6,18,Fell,1877,20.88333,74.83333,"(20.88333, 74.83333)",,
Bhawad,36591,Valid,LL6,678,Fell,2002,26.50833,73.11528,"(26.50833, 73.11528)",,
Bherai,5039,Valid,L6,100,Fell,1893,20.83333,71.46667,"(20.83333, 71.46667)",,
Bhola,5040,Valid,LL3-6,1047,Fell,1940,22.68333,90.65,"(22.68333, 90.65)",,
Bholghati,5041,Valid,Howardite,2500,Fell,1905,22.08333,86.9,"(22.08333, 86.9)",,
Bialystok,5042,Valid,Eucrite-pmict,4000,Fell,1827,53.1,23.2,"(53.1, 23.2)",,
Bielokrynitschie,5043,Valid,H4,1900,Fell,1887,50.13333,27.16667,"(50.13333, 27.16667)",,
Bilanga,5045,Valid,Diogenite,25000,Fell,1999,12.45,-0.08333,"(12.45, -0.08333)",,
Binningup,5051,Valid,H5,488.1,Fell,1984,-33.15639,115.67639,"(-33.15639, 115.67639)",,
Birni N'konni,5056,Valid,H4,560,Fell,1923,13.76667,5.3,"(13.76667, 5.3)",,
Bishopville,5059,Valid,Aubrite,6000,Fell,1843,34.16667,-80.28333,"(34.16667, -80.28333)",33,657
Bishunpur,5060,Valid,LL3.15,1039,Fell,1895,25.38333,82.6,"(25.38333, 82.6)",,
Bjelaja Zerkov,5063,Valid,H6,1850,Fell,1796,49.78333,30.16667,"(49.78333, 30.16667)",,
Bjurböle,5064,Valid,L/LL4,330000,Fell,1899,60.4,25.8,"(60.4, 25.8)",,
Black Moshannan Park,5065,Valid,L5,705,Fell,1941,40.91667,-78.08333,"(40.91667, -78.08333)",48,2495
Blackwell,5068,Valid,L5,2381,Fell,1906,36.83333,-97.33333,"(36.83333, -97.33333)",20,2164
Blanket,5071,Valid,L6,5100,Fell,1909,31.83333,-98.83333,"(31.83333, -98.83333)",23,3063
Blansko,5072,Valid,H6,470,Fell,1833,49.36667,16.63333,"(49.36667, 16.63333)",,
Bloomington,5076,Valid,LL6,67.8,Fell,1938,40.48,-89.00417,"(40.48, -89.00417)",34,1795
Bo Xian,5090,Valid,LL3.9,7500,Fell,1977,33.83333,115.83333,"(33.83333, 115.83333)",,
Bocas,5093,Valid,L6,56,Fell,1804,23,-102,"(23.0, -102.0)",,
Bogou,5097,Valid,"Iron, IAB-MG",8800,Fell,1962,12.5,0.7,"(12.5, 0.7)",,
Boguslavka,5098,Valid,"Iron, IIAB",256000,Fell,1916,44.55,131.63333,"(44.55, 131.63333)",,
Borgo San Donino,5110,Valid,LL6,1676,Fell,1808,44.86667,10.05,"(44.86667, 10.05)",,
Bori,5111,Valid,L6,8600,Fell,1894,21.95,78.03333,"(21.95, 78.03333)",,
Boriskino,5112,Valid,CM2,1342,Fell,1930,54.23333,52.48333,"(54.23333, 52.48333)",,
Borkut,5113,Valid,L5,7000,Fell,1852,48.15,24.28333,"(48.15, 24.28333)",,
Borodino,5114,Valid,H5,500,Fell,1812,55.46667,35.86667,"(55.46667, 35.86667)",,
Botschetschki,5117,Valid,L4,614,Fell,1823,51.33333,33.88333,"(51.33333, 33.88333)",,
Boumdeid (2003),57168,Valid,L6,190,Fell,2003,17.71067,-11.3715,"(17.71067, -11.3715)",,
Boumdeid (2011),57167,Valid,L6,3599,Fell,2011,17.17493,-11.34133,"(17.17493, -11.34133)",,
Bovedy,5121,Valid,L3,5460,Fell,1969,54.56667,-6.33333,"(54.56667, -6.33333)",,
Bradford Woods,5128,Valid,L,762,Fell,1886,40.5,-80.08333,"(40.5, -80.08333)",48,2455
Braunau,5133,Valid,"Iron, IIAB",39000,Fell,1847,50.6,16.3,"(50.6, 16.3)",,
Breitscheid,5134,Valid,H5,1500,Fell,1956,50.66694,8.18361,"(50.66694, 8.18361)",,
Bremervörde,5135,Valid,H/L3.9,7250,Fell,1855,53.4,9.1,"(53.4, 9.1)",,
Brient,5140,Valid,Eucrite-pmict,219,Fell,1933,52.13333,59.31667,"(52.13333, 59.31667)",,
Bruderheim,5156,Valid,L6,303000,Fell,1960,53.9,-112.88333,"(53.9, -112.88333)",,
Bukhara,30448,Valid,CV3,5300,Fell,2001,39.77978,64.60035,"(39.77978, 64.60035)",,
Bulls Run,5163,Valid,Iron?,2250,Fell,1964,,,,,
Bunburra Rockhole,48653,Valid,Eucrite,324,Fell,2007,-31.35,129.19,"(-31.35, 129.19)",,
Bununu,5165,Valid,Howardite,357,Fell,1942,10.01667,9.58333,"(10.01667, 9.58333)",,
Bur-Gheluai,5169,Valid,H5,120000,Fell,1919,5,48,"(5.0, 48.0)",,
Burnwell,5175,Valid,H4-an,1504,Fell,1990,37.62194,-82.23722,"(37.62194, -82.23722)",36,256
Bursa,5177,Valid,L6,25000,Fell,1946,40.2,29.23333,"(40.2, 29.23333)",,
Buschhof,5178,Valid,L6,5000,Fell,1863,46.45,25.78333,"(46.45, 25.78333)",,
Bustee,5181,Valid,Aubrite,1500,Fell,1852,26.78333,82.83333,"(26.78333, 82.83333)",,
Butsura,5183,Valid,H6,29000,Fell,1861,27.08333,84.08333,"(27.08333, 84.08333)",,
Buzzard Coulee,48654,Valid,H4,41000,Fell,2008,52.996,-109.84817,"(52.996, -109.84817)",,
Cabezo de Mayo,5185,Valid,L/LL6,25000,Fell,1870,37.98333,-1.16667,"(37.98333, -1.16667)",,
Cabin Creek,5186,Valid,"Iron, IIIAB",48500,Fell,1886,35.5,-93.5,"(35.5, -93.5)",15,1029
Cacak,5187,Valid,OC,212,Fell,1919,43.83889,20.33333,"(43.83889, 20.33333)",,
Cali,45976,Valid,H/L4,478,Fell,2007,3.405,-76.51,"(3.405, -76.51)",,
Calivo,5200,Valid,Stone-uncl,2400,Fell,1916,11.75,122.33333,"(11.75, 122.33333)",,
Campos Sales,5249,Valid,L5,23680,Fell,1991,-7.03333,-40.16667,"(-7.03333, -40.16667)",,
Çanakkale,5250,Valid,L6,4000,Fell,1964,39.8,26.6,"(39.8, 26.6)",,
Cañellas,5251,Valid,H4,945,Fell,1861,41.25,1.66667,"(41.25, 1.66667)",,
Cangas de Onis,5252,Valid,H5,34000,Fell,1866,43.38333,-5.15,"(43.38333, -5.15)",,
Canon City,5253,Valid,H6,1400,Fell,1973,38.47028,-105.24139,"(38.47028, -105.24139)",9,1448
Cape Girardeau,5260,Valid,H6,2300,Fell,1846,37.26667,-89.58333,"(37.26667, -89.58333)",18,2695
Capilla del Monte,5264,Valid,H6,750,Fell,1934,-30.88333,-64.55,"(-30.88333, -64.55)",,
Carancas,45817,Valid,H4-5,342,Fell,2007,-16.66444,-69.04389,"(-16.66444, -69.04389)",,
Caratash,5265,Valid,LL6,8,Fell,1902,38.5,27,"(38.5, 27.0)",,
Castalia,5291,Valid,H5,7300,Fell,1874,36.08333,-78.06667,"(36.08333, -78.06667)",37,648
Castel Berardenga,5292,Valid,Stone-uncl,,Fell,1791,43.35,11.5,"(43.35, 11.5)",,
Castine,5293,Valid,L6,94,Fell,1848,44.38333,-68.75,"(44.38333, -68.75)",49,414
Castrovillari,5295,Valid,Stone-uncl,15000,Fell,1583,39.8,16.2,"(39.8, 16.2)",,
Caswell County,5296,Valid,OC,1360,Fell,1810,36.5,-79.25,"(36.5, -79.25)",37,637
Ceniceros,5306,Valid,L3.7,1025,Fell,1988,26.46667,-105.23333,"(26.46667, -105.23333)",,
Centerville,5307,Valid,H5,45.6,Fell,1956,43.2,-96.91667,"(43.2, -96.91667)",21,2684
Cereseto,5308,Valid,H5,6460,Fell,1840,45.08333,8.3,"(45.08333, 8.3)",,
Chadong,5313,Valid,L6,3700,Fell,1998,28.53333,109.31667,"(28.53333, 109.31667)",,
Chail,5314,Valid,H6,0.5,Fell,1814,25.36667,81.66667,"(25.36667, 81.66667)",,
Chainpur,5315,Valid,LL3.4,8200,Fell,1907,25.85,83.48333,"(25.85, 83.48333)",,
Chajari,5316,Valid,L5,18300,Fell,1933,-30.78333,-58.05,"(-30.78333, -58.05)",,
Chandakapur,5320,Valid,L5,8800,Fell,1838,20.26667,76.01667,"(20.26667, 76.01667)",,
Chandpur,5321,Valid,L6,1100,Fell,1885,27.28333,79.05,"(27.28333, 79.05)",,
Changde,5322,Valid,H5,1810,Fell,1977,29.08333,111.75,"(29.08333, 111.75)",,
Chantonnay,5325,Valid,L6,31500,Fell,1812,46.68333,1.05,"(46.68333, 1.05)",,
Charlotte,5328,Valid,"Iron, IVA",4300,Fell,1835,36.16667,-87.33333,"(36.16667, -87.33333)",39,2007
Charsonville,5329,Valid,H6,27000,Fell,1810,47.93333,1.56667,"(47.93333, 1.56667)",,
Charwallas,5330,Valid,H6,12000,Fell,1834,29.48333,75.5,"(29.48333, 75.5)",,
Chassigny,5331,Valid,Martian (chassignite),4000,Fell,1815,47.71667,5.36667,"(47.71667, 5.36667)",,
Château-Renard,5332,Valid,L6,30000,Fell,1841,47.93333,2.91667,"(47.93333, 2.91667)",,
Chaves,5334,Valid,Howardite,2945,Fell,1925,41.93333,-7.46667,"(41.93333, -7.46667)",,
Chela,5338,Valid,H4,2936,Fell,1988,-3.66667,32.5,"(-3.66667, 32.5)",,
Chelyabinsk,57165,Valid,LL5,100000,Fell,2013,54.81667,61.11667,"(54.81667, 61.11667)",,
Chergach,47347,Valid,H5,100000,Fell,2007,23.69639,-5.01472,"(23.69639, -5.01472)",,
Chernyi Bor,5339,Valid,H4,6000,Fell,1964,53.7,30.1,"(53.7, 30.1)",,
Cherokee Springs,5340,Valid,LL6,8400,Fell,1933,35.03333,-81.88333,"(35.03333, -81.88333)",33,2582
Chervettaz,5341,Valid,L5,705,Fell,1901,46.55,6.81667,"(46.55, 6.81667)",,
Chervony Kut,5342,Valid,Eucrite-mmict,1700,Fell,1939,50.83333,34,"(50.83333, 34.0)",,
Chetrinahatti,5344,Valid,Stone-uncl,72,Fell,1880,14.5,76.5,"(14.5, 76.5)",,
Chiang Khan,5345,Valid,H6,367,Fell,1981,17.9,101.63333,"(17.9, 101.63333)",,
Chicora,5349,Valid,LL6,303,Fell,1938,40.93333,-79.73333,"(40.93333, -79.73333)",48,2459
Chisenga,5355,Valid,"Iron, IIIAB",3920,Fell,1988,-10.05944,33.395,"(-10.05944, 33.395)",,
Chitado,5356,Valid,L6,,Fell,1966,-17.35,13.96667,"(-17.35, 13.96667)",,
Chitenay,5357,Valid,L6,4000,Fell,1978,47.47083,0.97667,"(47.47083, 0.97667)",,
Cilimus,5364,Valid,L5,1600,Fell,1979,-6.95,108.1,"(-6.95, 108.1)",,
Claxton,5374,Valid,L6,1455,Fell,1984,32.1025,-81.87278,"(32.1025, -81.87278)",31,67
Clohars,5383,Valid,L4,48.6,Fell,1822,,,,,
Colby (Wisconsin),5395,Valid,L6,104000,Fell,1917,44.9,-90.28333,"(44.9, -90.28333)",41,877
Cold Bokkeveld,5397,Valid,CM2,5200,Fell,1838,-33.13333,19.38333,"(-33.13333, 19.38333)",,
Coleman,5401,Valid,L6,469,Fell,1994,43.76111,-84.50778,"(43.76111, -84.50778)",50,356
Collescipoli,5403,Valid,H5,5000,Fell,1890,42.53333,12.61667,"(42.53333, 12.61667)",,
Conquista,5418,Valid,H4,20350,Fell,1965,-19.85,-47.55,"(-19.85, -47.55)",,
Cosina,5451,Valid,H5,1200,Fell,1844,21.16667,-100.86667,"(21.16667, -100.86667)",,
Cranganore,5465,Valid,L6,1460,Fell,1917,10.2,76.26667,"(10.2, 76.26667)",,
Crescent,5470,Valid,CM2,78.4,Fell,1936,35.95,-97.58333,"(35.95, -97.58333)",20,2201
Cronstad,5474,Valid,H5,3650,Fell,1877,-27.7,27.3,"(-27.7, 27.3)",,
Cross Roads,5476,Valid,H5,167,Fell,1892,35.63333,-78.13333,"(35.63333, -78.13333)",37,2332
Crumlin,5477,Valid,L5,4255,Fell,1902,54.61667,-6.21667,"(54.61667, -6.21667)",,
Cumberland Falls,5496,Valid,Aubrite,17000,Fell,1919,36.83333,-84.35,"(36.83333, -84.35)",36,1426
Cynthiana,5500,Valid,L/LL4,6000,Fell,1877,38.4,-84.25,"(38.4, -84.25)",36,244
Dahmani,5504,Valid,LL6,18000,Fell,1981,35.61667,8.83333,"(35.61667, 8.83333)",,
Dandapur,5511,Valid,L6,5650,Fell,1878,26.91667,83.96667,"(26.91667, 83.96667)",,
Daniel's Kuil,5513,Valid,EL6,1064,Fell,1868,-28.2,24.56667,"(-28.2, 24.56667)",,
Danville,5514,Valid,L6,2000,Fell,1868,34.4,-87.06667,"(34.4, -87.06667)",29,103
Darmstadt,6603,Valid,H5,100,Fell,1804,49.86667,8.65,"(49.86667, 8.65)",,
Dashoguz,6604,Valid,H5,7000,Fell,1998,41.98444,59.685,"(41.98444, 59.685)",,
Daule,51559,Valid,L5,6580,Fell,2008,-1.87089,-79.95756,"(-1.87089, -79.95756)",,
De Cewsville,6621,Valid,H6,340,Fell,1887,43,-80,"(43.0, -80.0)",,
Deal,6634,Valid,L6,28,Fell,1829,40.25,-74,"(40.25, -74.0)",,2491
Delhi,6642,Valid,L5,0.8,Fell,1897,28.56667,77.25,"(28.56667, 77.25)",,
Demina,6649,Valid,L6,16400,Fell,1911,51.46667,84.76667,"(51.46667, 84.76667)",,
Denver,6660,Valid,L6,230,Fell,1967,39.7825,-104.93056,"(39.7825, -104.93056)",9,1444
Dergaon,6664,Valid,H5,12500,Fell,2001,26.68333,93.86667,"(26.68333, 93.86667)",,
Desuri,6693,Valid,H6,25400,Fell,1962,25.73333,73.61667,"(25.73333, 73.61667)",,
Devgaon,6694,Valid,H3.8,12000,Fell,2001,19,81,"(19.0, 81.0)",,
Devri-Khera,6696,Valid,L6,1140,Fell,1994,24.225,76.525,"(24.225, 76.525)",,
Dhajala,6698,Valid,H3.8,45000,Fell,1976,22.37778,71.42722,"(22.37778, 71.42722)",,
Dharwar,6699,Valid,OC,1800,Fell,1848,14.88333,75.6,"(14.88333, 75.6)",,
Dhurmsala,7640,Valid,LL6,32000,Fell,1860,32.23333,76.46667,"(32.23333, 76.46667)",,
Didim,47350,Valid,H3-5,3396,Fell,2007,37.35172,27.32997,"(37.35172, 27.32997)",,
Diep River,7642,Valid,L6,1000,Fell,1906,-33.75,18.56667,"(-33.75, 18.56667)",,
Distrito Quebracho,7649,Valid,H4,400,Fell,1957,-31.88333,-60.46667,"(-31.88333, -60.46667)",,
Djati-Pengilon,7652,Valid,H6,166000,Fell,1884,-7.5,111.5,"(-7.5, 111.5)",,
Djermaia,7656,Valid,H,3950,Fell,1961,12.73333,15.05,"(12.73333, 15.05)",,
Djoumine,7657,Valid,H5-6,10000,Fell,1999,36.95,9.55,"(36.95, 9.55)",,
Dokachi,7658,Valid,H5,3840,Fell,1903,23.5,90.33333,"(23.5, 90.33333)",,
Dolgovoli,7659,Valid,L6,1600,Fell,1864,50.75,25.3,"(50.75, 25.3)",,
Domanitch,7661,Valid,L5,438,Fell,1907,40,29,"(40.0, 29.0)",,
Dong Ujimqin Qi,7706,Valid,Mesosiderite,128800,Fell,1995,45.5,119.03333,"(45.5, 119.03333)",,
Donga Kohrod,7707,Valid,H6,230,Fell,1899,21.86667,82.45,"(21.86667, 82.45)",,
Dongtai,7708,Valid,LL6,5500,Fell,1970,32.91667,120.78333,"(32.91667, 120.78333)",,
Doroninsk,7718,Valid,H5-7,3891,Fell,1805,51.2,112.3,"(51.2, 112.3)",,
Dosso,7722,Valid,L6,1250,Fell,1962,13.05,3.16667,"(13.05, 3.16667)",,
Douar Mghila,7723,Valid,LL6,1161,Fell,1932,32.33333,-6.3,"(32.33333, -6.3)",,
Dowa,7725,Valid,Stone-uncl,642,Fell,1976,-13.66667,33.91667,"(-13.66667, 33.91667)",,
Drake Creek,7728,Valid,L6,5000,Fell,1827,36.4,-86.5,"(36.4, -86.5)",39,2115
Dresden (Ontario),7731,Valid,H6,47700,Fell,1939,42.52,-82.26,"(42.52, -82.26)",,
Dubrovnik,7736,Valid,L3-6,1900,Fell,1951,42.45833,18.44167,"(42.45833, 18.44167)",,
Dunbogan,7743,Valid,L6,30,Fell,1999,-31.66667,152.83333,"(-31.66667, 152.83333)",,
Dundrum,7745,Valid,H5,2270,Fell,1865,52.55,-8.03333,"(52.55, -8.03333)",,
Dunhua,7749,Valid,Stone-uncl,,Fell,1976,43.33333,128.25,"(43.33333, 128.25)",,
Durala,7750,Valid,L6,13200,Fell,1815,30.3,76.63333,"(30.3, 76.63333)",,
Duruma,7752,Valid,L6,577,Fell,1853,-4,39.5,"(-4.0, 39.5)",,
Duwun,7754,Valid,L6,2117,Fell,1943,33.43333,127.26667,"(33.43333, 127.26667)",,
Dwaleni,7755,Valid,H4-6,3230,Fell,1970,-27.2,31.31667,"(-27.2, 31.31667)",,
Dyalpur,7757,Valid,Ureilite,300,Fell,1872,26.25,82,"(26.25, 82.0)",,
Dyarrl Island,7758,Valid,Mesosiderite-A1,188,Fell,1933,-3,151,"(-3.0, 151.0)",,
Eagle,7760,Valid,EL6,10000,Fell,1947,40.78167,-96.47167,"(40.78167, -96.47167)",19,462
Ehole,7774,Valid,H5,2400,Fell,1961,-17.3,15.83333,"(-17.3, 15.83333)",,
Eichstädt,7775,Valid,H5,3000,Fell,1785,48.9,11.21667,"(48.9, 11.21667)",,
Ekeby,7776,Valid,H4,3336,Fell,1939,56.03333,13,"(56.03333, 13.0)",,
Ekh Khera,7777,Valid,H6,840,Fell,1916,28.26667,78.78333,"(28.26667, 78.78333)",,
El Idrissia,7807,Valid,L6,10000,Fell,1989,34.41667,3.25,"(34.41667, 3.25)",,
El Paso de Aguila,45977,Valid,H5,17226,Fell,1977,25.37,-97.37,"(25.37, -97.37)",,
El Tigre,7819,Valid,L6,5000,Fell,1993,19.96722,-103.05167,"(19.96722, -103.05167)",,
Elbert,7822,Valid,LL6,680.5,Fell,1998,39.24667,-104.58817,"(39.24667, -104.58817)",9,88
Elbogen,7823,Valid,"Iron, IID",107000,Fell,1399,50.18333,12.73333,"(50.18333, 12.73333)",,
Elenovka,7824,Valid,L5,54640,Fell,1951,47.83333,37.66667,"(47.83333, 37.66667)",,
Ellemeet,10019,Valid,Diogenite,1470,Fell,1925,51.75,4,"(51.75, 4.0)",,
Emmaville,10033,Valid,Eucrite-mmict,127,Fell,1900,-29.46667,151.61667,"(-29.46667, 151.61667)",,
Enshi,10038,Valid,H5,8000,Fell,1974,30.3,109.5,"(30.3, 109.5)",,
Ensisheim,10039,Valid,LL6,127000,Fell,1491,47.86667,7.35,"(47.86667, 7.35)",,
Épinal,10041,Valid,H5,277,Fell,1822,48.18333,6.46667,"(48.18333, 6.46667)",,
Erakot,10042,Valid,CM2,113,Fell,1940,19.03333,81.89167,"(19.03333, 81.89167)",,
Erevan,10043,Valid,Howardite,107.2,Fell,1911,40.3,44.5,"(40.3, 44.5)",,
Ergheo,10044,Valid,L5,20000,Fell,1889,1.16667,44.16667,"(1.16667, 44.16667)",,
Erxleben,10049,Valid,H6,2250,Fell,1812,52.21667,11.25,"(52.21667, 11.25)",,
Esnandes,10051,Valid,L6,1500,Fell,1837,46.25,-1.1,"(46.25, -1.1)",,
Essebi,10055,Valid,C2-ung,500,Fell,1957,2.88333,30.83333,"(2.88333, 30.83333)",,
Estherville,10059,Valid,Mesosiderite-A3/4,320000,Fell,1879,43.41667,-94.83333,"(43.41667, -94.83333)",16,277
Farmington,10074,Valid,L5,89400,Fell,1890,39.75,-97.03333,"(39.75, -97.03333)",17,1300
Farmville,10075,Valid,H4,56000,Fell,1934,35.55,-77.53333,"(35.55, -77.53333)",37,2439
Favars,10078,Valid,H5,1500,Fell,1844,44.38333,2.81667,"(44.38333, 2.81667)",,
Fayetteville,10079,Valid,H4,2360,Fell,1934,36.05,-94.16667,"(36.05, -94.16667)",15,70
Feid Chair,10080,Valid,H4,380,Fell,1875,36.88333,8.45,"(36.88333, 8.45)",,
Felix,10081,Valid,CO3.3,3200,Fell,1900,32.53333,-87.16667,"(32.53333, -87.16667)",29,1631
Fenghsien-Ku,10086,Valid,H5,82,Fell,1924,34.6,116.75,"(34.6, 116.75)",,
Ferguson,10088,Valid,OC,220,Fell,1889,36.1,-81.41667,"(36.1, -81.41667)",37,2331
Fermo,10091,Valid,H3-5,10200,Fell,1996,43.18111,13.75333,"(43.18111, 13.75333)",,
Fisher,10107,Valid,L6,17600,Fell,1894,47.81667,-96.85,"(47.81667, -96.85)",1,385
Florence,10111,Valid,H3,3640,Fell,1922,30.83333,-97.76667,"(30.83333, -97.76667)",23,807
Forest City,10119,Valid,H5,152000,Fell,1890,43.25,-93.66667,"(43.25, -93.66667)",16,1785
Forest Vale,10120,Valid,H4,26000,Fell,1942,-33.35,146.85833,"(-33.35, 146.85833)",,
Forksville,10123,Valid,L6,6067,Fell,1924,36.78333,-78.08333,"(36.78333, -78.08333)",40,2839
Forsbach,10163,Valid,H6,240,Fell,1900,50.95,7.31667,"(50.95, 7.31667)",,
Forsyth,10164,Valid,L6,16300,Fell,1829,33.01667,-83.96667,"(33.01667, -83.96667)",31,1470
Fort Flatters,10166,Valid,Stone-uncl,,Fell,1944,28.25,7,"(28.25, 7.0)",,
Frankfort (stone),10177,Valid,Howardite,650,Fell,1868,34.48333,-87.83333,"(34.48333, -87.83333)",29,99
Fuhe,52412,Valid,L5,23000,Fell,1945,31.47556,113.56694,"(31.47556, 113.56694)",,
Fukutomi,10836,Valid,L5,11620,Fell,1882,33.18333,130.2,"(33.18333, 130.2)",,
Fünen,10838,Valid,Stone-uncl,,Fell,1654,55.33333,10.33333,"(55.33333, 10.33333)",,
Futtehpur,10839,Valid,L6,4000,Fell,1822,25.95,80.81667,"(25.95, 80.81667)",,
Fuyang,10840,Valid,Stone-uncl,2500,Fell,1977,32.9,115.9,"(32.9, 115.9)",,
Galapian,10846,Valid,H6,132.7,Fell,1826,44.3,0.4,"(44.3, 0.4)",,
Galim (a),10848,Valid,LL6,36.1,Fell,1952,7.05,12.43333,"(7.05, 12.43333)",,
Galim (b),10849,Valid,EH3/4-an,28,Fell,1952,7.05,12.43333,"(7.05, 12.43333)",,
Galkiv,10850,Valid,H4,5000,Fell,1995,51.68333,30.78333,"(51.68333, 30.78333)",,
Gambat,10851,Valid,L6,6400,Fell,1897,27.35,68.53333,"(27.35, 68.53333)",,
Gao-Guenie,10854,Valid,H5,,Fell,1960,11.65,-2.18333,"(11.65, -2.18333)",,
Garhi Yasin,10860,Valid,"Iron, IIE",380,Fell,1917,27.88333,68.53333,"(27.88333, 68.53333)",,
Garland,10861,Valid,Diogenite-pm,102,Fell,1950,41.68333,-112.13333,"(41.68333, -112.13333)",13,2985
Gashua,44882,Valid,L6,4162,Fell,1984,12.85,11.03333,"(12.85, 11.03333)",,
Gasseltepaoua,10866,Valid,H5,,Fell,2000,14.15083,-2.04167,"(14.15083, -2.04167)",,
Geidam,10870,Valid,H5,725,Fell,1950,12.91667,11.91667,"(12.91667, 11.91667)",,
Gifu,10914,Valid,L6,14290,Fell,1909,35.53333,136.88333,"(35.53333, 136.88333)",,
Girgenti,10917,Valid,L6,18000,Fell,1853,37.31667,13.56667,"(37.31667, 13.56667)",,
Git-Git,10919,Valid,L6,480,Fell,1947,9.6,9.91667,"(9.6, 9.91667)",,
Glanerbrug,10923,Valid,L/LL5,670,Fell,1990,52.2,6.86667,"(52.2, 6.86667)",,
Glanggang,10924,Valid,H5-6,1303,Fell,1939,-7.25,107.7,"(-7.25, 107.7)",,
Glasatovo,10926,Valid,H4,152000,Fell,1918,57.35,37.61667,"(57.35, 37.61667)",,
Glatton,10930,Valid,L6,767,Fell,1991,52.45972,-0.3,"(52.45972, -0.3)",,
Gnadenfrei,10936,Valid,H5,1750,Fell,1879,50.66667,16.76667,"(50.66667, 16.76667)",,
Gopalpur,10948,Valid,H6,1600,Fell,1865,24.23333,89.05,"(24.23333, 89.05)",,
Gorlovka,10949,Valid,H3.7,3618,Fell,1974,48.28333,38.08333,"(48.28333, 38.08333)",,
Granes,10956,Valid,L6,9000,Fell,1964,42.9,2.25,"(42.9, 2.25)",,
Grefsheim,11196,Valid,L5,45.5,Fell,1976,60.66667,11,"(60.66667, 11.0)",,
Grimsby,50911,Valid,H5,215,Fell,2009,43.2,-79.61667,"(43.2, -79.61667)",,
Grosnaja,11206,Valid,CV3,3500,Fell,1861,43.66667,45.38333,"(43.66667, 45.38333)",,
Gross-Divina,11207,Valid,H5,10500,Fell,1837,49.26667,18.71667,"(49.26667, 18.71667)",,
Grossliebenthal,11208,Valid,L6,8000,Fell,1881,46.35,30.58333,"(46.35, 30.58333)",,
Grüneberg,11426,Valid,H4,1000,Fell,1841,51.93333,15.5,"(51.93333, 15.5)",,
Grzempach,11429,Valid,H5,690,Fell,1910,52.86667,16.63333,"(52.86667, 16.63333)",,
Gualeguaychú,11432,Valid,H6,22000,Fell,1932,-33,-58.61667,"(-33.0, -58.61667)",,
Guangmingshan,11435,Valid,H5,2910,Fell,1996,39.80417,122.76389,"(39.80417, 122.76389)",,
Guangnan,11436,Valid,L6,,Fell,1983,24.1,105,"(24.1, 105.0)",,
Guangrao,11437,Valid,L6,1900,Fell,1980,37.1,118.4,"(37.1, 118.4)",,
Guareña,11439,Valid,H6,39000,Fell,1892,38.73333,-6.01667,"(38.73333, -6.01667)",,
Guêa,11440,Valid,Stone-uncl,1915,Fell,1891,43.76667,20.23333,"(43.76667, 20.23333)",,
Guibga,11442,Valid,L5,288,Fell,1972,13.5,-0.68333,"(13.5, -0.68333)",,
Guidder,11443,Valid,LL5,968,Fell,1949,9.91667,13.98333,"(9.91667, 13.98333)",,
Gujargaon,11448,Valid,H5,2449,Fell,1982,22.98333,76.05,"(22.98333, 76.05)",,
Gujba,11449,Valid,CBa,100000,Fell,1984,11.49167,11.65833,"(11.49167, 11.65833)",,
Gumoschnik,11450,Valid,H5,5700,Fell,1904,42.9,24.7,"(42.9, 24.7)",,
Gurram Konda,11464,Valid,L6,28,Fell,1814,13.78333,78.56667,"(13.78333, 78.56667)",,
Gursum,11465,Valid,H4/5,34650,Fell,1981,9.36667,42.41667,"(9.36667, 42.41667)",,
Gütersloh,11466,Valid,H3/4,1000,Fell,1851,51.91667,8.38333,"(51.91667, 8.38333)",,
Gyokukei,11467,Valid,OC,1320,Fell,1930,35,127.5,"(35.0, 127.5)",,
Hachi-oji,11468,Valid,H?,0.2,Fell,1817,35.65,139.33333,"(35.65, 139.33333)",,
Hainaut,11472,Valid,H3-6,9000,Fell,1934,50.31667,3.73333,"(50.31667, 3.73333)",,
Hallingeberg,11479,Valid,L3.4,1456,Fell,1944,57.81667,16.23333,"(57.81667, 16.23333)",,
Hamlet,11485,Valid,LL4,3710,Fell,1959,41.38333,-86.6,"(41.38333, -86.6)",35,1205
Haraiya,11824,Valid,Eucrite-mmict,1000,Fell,1878,26.8,82.53333,"(26.8, 82.53333)",,
Haripura,11829,Valid,CM2,315,Fell,1921,28.38333,75.78333,"(28.38333, 75.78333)",,
Harleton,11830,Valid,L6,8360,Fell,1961,32.675,-94.51167,"(32.675, -94.51167)",23,2025
Harrison County,11842,Valid,L6,680,Fell,1859,38.25,-86.16667,"(38.25, -86.16667)",35,1855
Hashima,11848,Valid,H4,1110.6,Fell,1910,35.2945,136.70033,"(35.2945, 136.70033)",,
Hassi-Jekna,11852,Valid,"Iron, IAB-sHL",1250,Fell,1890,28.95,0.81667,"(28.95, 0.81667)",,
Hatford,11855,Valid,Stone-uncl,29000,Fell,1628,51.65,-1.51667,"(51.65, -1.51667)",,
Haverö,11859,Valid,Ureilite,1544,Fell,1971,60.24556,22.06194,"(60.24556, 22.06194)",,
Hedeskoga,11869,Valid,H5,3500,Fell,1922,55.46667,13.78333,"(55.46667, 13.78333)",,
Hedjaz,11870,Valid,L3.7-6,6100,Fell,1910,27.33333,35.66667,"(27.33333, 35.66667)",,
Heredia,11875,Valid,H5,1000,Fell,1857,10,-84.1,"(10.0, -84.1)",,
Hessle,11878,Valid,H5,20000,Fell,1869,59.85,17.66667,"(59.85, 17.66667)",,
Higashi-koen,11883,Valid,H5,750,Fell,1897,33.6,130.43333,"(33.6, 130.43333)",,
High Possil,11884,Valid,L6,4500,Fell,1804,55.9,-4.23333,"(55.9, -4.23333)",,
Hiroshima,11889,Valid,H5,414,Fell,2003,34.45,132.38333,"(34.45, 132.38333)",,
Hoima,44714,Valid,H6,167.7,Fell,2003,1.345,31.47278,"(1.345, 31.47278)",,
Hökmark,11893,Valid,L4,305.5,Fell,1954,64.43333,21.2,"(64.43333, 21.2)",,
Holbrook,11894,Valid,L/LL6,220000,Fell,1912,34.9,-110.18333,"(34.9, -110.18333)",7,990
Holetta,11895,Valid,Stone-uncl,1415,Fell,1923,9.06667,38.41667,"(9.06667, 38.41667)",,
Homestead,11901,Valid,L5,230000,Fell,1875,41.8,-91.86667,"(41.8, -91.86667)",16,284
Honolulu,11904,Valid,L5,2420,Fell,1825,21.3,-157.86667,"(21.3, -157.86667)",4,1657
Hotse,11913,Valid,L6,180,Fell,1956,35.66667,115.5,"(35.66667, 115.5)",,
Hoxie,11915,Valid,OC,266.1,Fell,1963,39.35,-100.45,"(39.35, -100.45)",17,1293
Hraschina,11916,Valid,"Iron, IID",49000,Fell,1751,46.1,16.33333,"(46.1, 16.33333)",,
Huaxi,54719,Valid,H5,1600,Fell,2010,26.46469,106.63241,"(26.46469, 106.63241)",,
Hungen,11986,Valid,H6,112,Fell,1877,50.3,8.91667,"(50.3, 8.91667)",,
Hvittis,11989,Valid,EL6,14000,Fell,1901,61.18333,22.68333,"(61.18333, 22.68333)",,
Ibbenbüren,11992,Valid,Diogenite,2000,Fell,1870,52.28333,7.7,"(52.28333, 7.7)",,
Ibitira,11993,Valid,Eucrite-mmict,2500,Fell,1957,-20,-45,"(-20.0, -45.0)",,
Ibrisim,11994,Valid,OC,,Fell,1949,38,35,"(38.0, 35.0)",,
Ichkala,11995,Valid,H6,3973,Fell,1936,58.2,82.93333,"(58.2, 82.93333)",,
Idutywa,12000,Valid,H5,3457,Fell,1956,-32.1,28.33333,"(-32.1, 28.33333)",,
Iguaracu,12003,Valid,H5,1200,Fell,1977,-23.2,-51.83333,"(-23.2, -51.83333)",,
Ijopega,12004,Valid,H6,7330,Fell,1975,-6.03333,145.36667,"(-6.03333, 145.36667)",,
Indarch,12027,Valid,EH4,27000,Fell,1891,39.75,46.66667,"(39.75, 46.66667)",,
Independence,12028,Valid,L6,880,Fell,1917,39.08333,-94.4,"(39.08333, -94.4)",18,525
Inner Mongolia,12037,Valid,L6,3000,Fell,1963,41,112,"(41.0, 112.0)",,
Innisfree,12039,Valid,L5,4576,Fell,1977,53.415,-111.3375,"(53.415, -111.3375)",,
Ipiranga,12043,Valid,H6,7000,Fell,1972,-25.5,-54.5,"(-25.5, -54.5)",,
Ishinga,12049,Valid,H,1300,Fell,1954,-8.93333,33.8,"(-8.93333, 33.8)",,
Isthilart,12053,Valid,H5,3050,Fell,1928,-31.18333,-57.95,"(-31.18333, -57.95)",,
Itapicuru-Mirim,12056,Valid,H5,2024,Fell,1879,-3.4,-44.33333,"(-3.4, -44.33333)",,
Itqiy,12058,Valid,EH7-an,4720,Fell,1990,26.59083,-12.95217,"(26.59083, -12.95217)",,
Ivuna,12063,Valid,CI1,704.5,Fell,1938,-8.41667,32.43333,"(-8.41667, 32.43333)",,
Jackalsfontein,12065,Valid,L6,48000,Fell,1903,-32.5,21.9,"(-32.5, 21.9)",,
Jajh deh Kot Lalu,12067,Valid,EL6,973,Fell,1926,26.75,68.41667,"(26.75, 68.41667)",,
Jalanash,12068,Valid,Ureilite,700,Fell,1990,,,,,
Jalandhar,12069,Valid,Iron,1967,Fell,1621,31,75,"(31.0, 75.0)",,
Jamkheir,12072,Valid,H6,22,Fell,1866,18.75,75.33333,"(18.75, 75.33333)",,
Jartai,12074,Valid,L6,20500,Fell,1979,39.7,105.8,"(39.7, 105.8)",,
Jelica,12078,Valid,LL6,34000,Fell,1889,43.83333,20.44167,"(43.83333, 20.44167)",,
Jemlapur,12079,Valid,L6,450,Fell,1901,,,,,
Jesenice,51589,Valid,L6,3667,Fell,2009,46.42137,14.05217,"(46.42137, 14.05217)",,
Jhung,12085,Valid,L5,5900,Fell,1873,31.3,72.38333,"(31.3, 72.38333)",,
Jiange,12086,Valid,H5,222,Fell,1964,31.91667,104.91667,"(31.91667, 104.91667)",,
Jianshi,12087,Valid,"Iron, IIIAB",600000,Fell,1890,30.80833,109.5,"(30.80833, 109.5)",,
Jilin,12171,Valid,H5,4000000,Fell,1976,44.05,126.16667,"(44.05, 126.16667)",,
Jodiya,47362,Valid,L5,100,Fell,2006,22.68,70.31333,"(22.68, 70.31333)",,
Jodzie,12173,Valid,Howardite,30,Fell,1877,55.7,24.4,"(55.7, 24.4)",,
Johnstown,12198,Valid,Diogenite,40300,Fell,1924,40.35,-104.9,"(40.35, -104.9)",9,1072
Jolomba,12199,Valid,LL6,483,Fell,1974,-11.85,15.83333,"(-11.85, 15.83333)",,
Jonzac,12202,Valid,Eucrite-mmict,5000,Fell,1819,45.43333,-0.45,"(45.43333, -0.45)",,
Juancheng,12203,Valid,H5,100000,Fell,1997,35.5,115.41667,"(35.5, 115.41667)",,
Judesegeri,12207,Valid,H6,680,Fell,1876,12.85,76.8,"(12.85, 76.8)",,
Jumapalo,12209,Valid,L6,32490,Fell,1984,-7.71667,111.2,"(-7.71667, 111.2)",,
Junan,12210,Valid,L6,950,Fell,1976,35.2,118.8,"(35.2, 118.8)",,
Juromenha,12213,Valid,"Iron, IIIAB",25250,Fell,1968,38.74028,-7.27,"(38.74028, -7.27)",,
Juvinas,12214,Valid,Eucrite-mmict,91000,Fell,1821,44.71667,4.3,"(44.71667, 4.3)",,
Kaba,12218,Valid,CV3,3000,Fell,1857,47.35,21.3,"(47.35, 21.3)",,
Kabo,12220,Valid,H4,13400,Fell,1971,11.85,8.21667,"(11.85, 8.21667)",,
Kadonah,12221,Valid,H6,89,Fell,1822,27.08333,78.33333,"(27.08333, 78.33333)",,
Kaee,12222,Valid,H5,230,Fell,1838,27.25,79.96667,"(27.25, 79.96667)",,
Kagarlyk,12227,Valid,L6,1900,Fell,1908,49.86667,30.83333,"(49.86667, 30.83333)",,
Kaidun,12228,Valid,CR2,2000,Fell,1980,15,48.3,"(15.0, 48.3)",,
Kainsaz,12229,Valid,CO3.2,200000,Fell,1937,55.43333,53.25,"(55.43333, 53.25)",,
Kakangari,12230,Valid,K3,350,Fell,1890,12.38333,78.51667,"(12.38333, 78.51667)",,
Kakowa,12231,Valid,L6,577,Fell,1858,45.13333,21.66667,"(45.13333, 21.66667)",,
Kalaba,12232,Valid,H4,950,Fell,1951,-6.83333,29.5,"(-6.83333, 29.5)",,
Kalumbi,12236,Valid,L6,4500,Fell,1879,17.83333,73.98333,"(17.83333, 73.98333)",,
Kamalpur,12238,Valid,L6,2770,Fell,1942,26.03333,81.46667,"(26.03333, 81.46667)",,
Kamiomi,12240,Valid,H5,448,Fell,1913,36.04167,139.95667,"(36.04167, 139.95667)",,
Kamsagar,12241,Valid,L6,1293,Fell,1902,14.18333,75.8,"(14.18333, 75.8)",,
Kandahar (Afghanistan),12243,Valid,L6,299,Fell,1959,31.6,65.78333,"(31.6, 65.78333)",,
Kangean,12245,Valid,H5,1630,Fell,1908,-7,115.5,"(-7.0, 115.5)",,
Kangra Valley,12246,Valid,H5,400,Fell,1897,32.08333,76.3,"(32.08333, 76.3)",,
Kapoeta,12251,Valid,Howardite,11355,Fell,1942,4.7,33.63333,"(4.7, 33.63333)",,
Kaprada,47357,Valid,L5/6,1600,Fell,2004,20.33916,73.22329,"(20.33916, 73.22329)",,
Kaptal-Aryk,12253,Valid,L6,3500,Fell,1937,42.45,73.36667,"(42.45, 73.36667)",,
Karakol,12256,Valid,LL6,3000,Fell,1840,47.21667,81.01667,"(47.21667, 81.01667)",,
Karatu,12258,Valid,LL6,2220,Fell,1963,-3.5,35.58333,"(-3.5, 35.58333)",,
Karewar,12260,Valid,L6,180,Fell,1949,12.9,7.15,"(12.9, 7.15)",,
Karkh,12262,Valid,L6,22000,Fell,1905,27.8,67.16667,"(27.8, 67.16667)",,
Karloowala,12263,Valid,L6,2950,Fell,1955,31.58333,71.6,"(31.58333, 71.6)",,
Karoonda,12264,Valid,CK4,41730,Fell,1930,-35.08333,139.91667,"(-35.08333, 139.91667)",,
Kasamatsu,12266,Valid,H,710,Fell,1938,35.36667,136.76667,"(35.36667, 136.76667)",,
Kasauli,30740,Valid,H4,16820,Fell,2003,29.58333,77.58333,"(29.58333, 77.58333)",,
Katagum,35465,Valid,L6,1500,Fell,1999,11.33333,10.08333,"(11.33333, 10.08333)",,
Kavarpura,47351,Valid,"Iron, IIE-an",6800,Fell,2006,25.14333,75.81333,"(25.14333, 75.81333)",,
Kayakent,12268,Valid,"Iron, IIIAB",85000,Fell,1961,39.26333,31.78,"(39.26333, 31.78)",,
Kediri,12270,Valid,L4,3300,Fell,1940,-7.75,112.01667,"(-7.75, 112.01667)",,
Kemer,53654,Valid,L4,5760,Fell,2008,36.54194,29.41822,"(36.54194, 29.41822)",,
Kendleton,12275,Valid,L4,6937,Fell,1939,29.45,-96,"(29.45, -96.0)",23,3190
Kendrapara,12276,Valid,H4-5,6669.2,Fell,2003,20.4625,86.70278,"(20.4625, 86.70278)",,
Kerilis,12282,Valid,H5,5000,Fell,1874,48.4,-3.3,"(48.4, -3.3)",,
Kernouve,12284,Valid,H6,80000,Fell,1869,48.11667,-3.08333,"(48.11667, -3.08333)",,
Kesen,12286,Valid,H4,135000,Fell,1850,38.98333,141.61667,"(38.98333, 141.61667)",,
Khairpur,12288,Valid,EL6,13600,Fell,1873,29.53333,72.3,"(29.53333, 72.3)",,
Khanpur,12289,Valid,LL5,3698,Fell,1932,25.55,83.11667,"(25.55, 83.11667)",,
Kharkov,12291,Valid,L6,1500,Fell,1787,50.625,35.075,"(50.625, 35.075)",,
Kheragur,12294,Valid,L6,450,Fell,1860,26.95,77.88333,"(26.95, 77.88333)",,
Khetri,12296,Valid,H6,100,Fell,1867,28.01667,75.81667,"(28.01667, 75.81667)",,
Khmelevka,12297,Valid,L5,6109,Fell,1929,56.75,75.33333,"(56.75, 75.33333)",,
Khohar,12298,Valid,L3.6,9700,Fell,1910,25.1,81.53333,"(25.1, 81.53333)",,
Khor Temiki,12299,Valid,Aubrite,3200,Fell,1932,16,36,"(16.0, 36.0)",,
Kidairat,12300,Valid,H6,100000,Fell,1983,14,28,"(14.0, 28.0)",,
Kiel,12301,Valid,L6,737.6,Fell,1962,54.4,10.15,"(54.4, 10.15)",,
Kiffa,12303,Valid,H5,1500,Fell,1970,16.58333,-11.33333,"(16.58333, -11.33333)",,
Kijima (1906),12305,Valid,Stone-uncl,331,Fell,1906,36.85,138.38333,"(36.85, 138.38333)",,
Kikino,12306,Valid,H6,195,Fell,1809,55,34,"(55.0, 34.0)",,
Kilabo,12307,Valid,LL6,19000,Fell,2002,12.76667,9.8,"(12.76667, 9.8)",,
Kilbourn,12308,Valid,H5,772,Fell,1911,43.58333,-89.6,"(43.58333, -89.6)",41,2971
Killeter,12309,Valid,H6,140,Fell,1844,54.66667,-7.66667,"(54.66667, -7.66667)",,
Kingai,12316,Valid,H6,67.4,Fell,1967,11.63333,24.68333,"(11.63333, 24.68333)",,
Kirbyville,12321,Valid,Eucrite-mmict,97.7,Fell,1906,30.75,-95.95,"(30.75, -95.95)",23,2018
Kisvarsány,12325,Valid,L6,1550,Fell,1914,48.16667,22.30833,"(48.16667, 22.30833)",,
Kitchener,12326,Valid,L6,202.6,Fell,1998,43.38333,-80.38333,"(43.38333, -80.38333)",,
Klein-Wenden,12332,Valid,H6,3250,Fell,1843,51.6,10.8,"(51.6, 10.8)",,
Knyahinya,12335,Valid,L/LL5,500000,Fell,1866,48.9,22.4,"(48.9, 22.4)",,
Kobe,12336,Valid,CK4,136,Fell,1999,34.73333,135.16667,"(34.73333, 135.16667)",,
Kokubunji,12342,Valid,L6,11510,Fell,1986,34.3,133.95,"(34.3, 133.95)",,
Komagome,12343,Valid,Iron,238,Fell,1926,35.73333,139.75,"(35.73333, 139.75)",,
Konovo,12344,Valid,LL5,90,Fell,1931,42.51667,26.16667,"(42.51667, 26.16667)",,
Košice,53810,Valid,H5,4300,Fell,2010,48.76367,21.17633,"(48.76367, 21.17633)",,
Krähenberg,12353,Valid,LL5,16500,Fell,1869,49.32694,7.46472,"(49.32694, 7.46472)",,
Krasnoi-Ugol,12355,Valid,L6,2440,Fell,1829,54.03333,40.9,"(54.03333, 40.9)",,
Krasnyi Klyuch,12357,Valid,H5,4000,Fell,1946,54.33333,56.08333,"(54.33333, 56.08333)",,
Krutikha,12363,Valid,OC,845.2,Fell,1906,56.8,77,"(56.8, 77.0)",,
Krymka,12364,Valid,LL3.2,50000,Fell,1946,47.83333,30.76667,"(47.83333, 30.76667)",,
Kukschin,12368,Valid,L6,2250,Fell,1938,51.15,31.7,"(51.15, 31.7)",,
Kulak,12369,Valid,L5,453.6,Fell,1961,30.73111,66.80222,"(30.73111, 66.80222)",,
Kuleschovka,12370,Valid,L6,6000,Fell,1811,50.75,33.5,"(50.75, 33.5)",,
Kulp,12373,Valid,H6,3719,Fell,1906,41.11667,45,"(41.11667, 45.0)",,
Kunashak,12377,Valid,L6,200000,Fell,1949,55.78333,61.36667,"(55.78333, 61.36667)",,
Kunya-Urgench,12379,Valid,H5,1100000,Fell,1998,42.25,59.2,"(42.25, 59.2)",,
Kushiike,12381,Valid,OC,4460,Fell,1920,37.05,138.38333,"(37.05, 138.38333)",,
Kusiali,12382,Valid,L6,5,Fell,1860,29.68333,78.38333,"(29.68333, 78.38333)",,
Kutais,12383,Valid,H5,23,Fell,1977,44.51667,39.3,"(44.51667, 39.3)",,
Kuttippuram,12384,Valid,L6,45000,Fell,1914,10.83333,76.03333,"(10.83333, 76.03333)",,
Kuznetzovo,12385,Valid,L6,4047,Fell,1932,55.2,75.33333,"(55.2, 75.33333)",,
Kyushu,12390,Valid,L6,45000,Fell,1886,32.03333,130.63333,"(32.03333, 130.63333)",,
La Bécasse,12392,Valid,L6,2800,Fell,1879,47.08333,1.75,"(47.08333, 1.75)",,
La Charca,12394,Valid,OC,399,Fell,1878,20.66667,-101.28333,"(20.66667, -101.28333)",,
La Colina,12395,Valid,H5,2000,Fell,1924,-37.33333,-61.53333,"(-37.33333, -61.53333)",,
La Criolla,12396,Valid,L6,45000,Fell,1985,-31.23333,-58.16667,"(-31.23333, -58.16667)",,
Laborel,12408,Valid,H5,3833,Fell,1871,44.28333,5.58333,"(44.28333, 5.58333)",,
Lahrauli,12433,Valid,Ureilite,900,Fell,1955,26.78333,82.71667,"(26.78333, 82.71667)",,
L'Aigle,12434,Valid,L6,37000,Fell,1803,48.76667,0.63333,"(48.76667, 0.63333)",,
Cumulus Hills 04075,32531,Valid,Pallasite,9.6,Found,2003,,,,,
Lakangaon,12435,Valid,Eucrite-mmict,212.5,Fell,1910,21.86667,76.03333,"(21.86667, 76.03333)",,
Lalitpur,12451,Valid,L6,372,Fell,1887,24.45,78.56667,"(24.45, 78.56667)",,
Lancé,12455,Valid,CO3.5,51700,Fell,1872,47.7,1.06667,"(47.7, 1.06667)",,
Lancon,12456,Valid,H6,7000,Fell,1897,43.75,5.11667,"(43.75, 5.11667)",,
Långhalsen,12461,Valid,L6,2300,Fell,1947,58.85,16.73333,"(58.85, 16.73333)",,
Lanxi,12464,Valid,L6,1282,Fell,1986,46.24167,126.19611,"(46.24167, 126.19611)",,
Lanzenkirchen,12465,Valid,L4,7000,Fell,1925,47.75,16.23333,"(47.75, 16.23333)",,
Laochenzhen,12466,Valid,H5,14250,Fell,1987,33.13333,115.16667,"(33.13333, 115.16667)",,
Launton,12740,Valid,L6,1060,Fell,1830,51.9,-1.11667,"(51.9, -1.11667)",,
Lavrentievka,12743,Valid,L6,800,Fell,1938,52.45,51.56667,"(52.45, 51.56667)",,
Le Pressoir,12748,Valid,H5,3000,Fell,1845,47.16667,0.43333,"(47.16667, 0.43333)",,
Le Teilleul,12749,Valid,Howardite,780,Fell,1845,48.53333,-0.86667,"(48.53333, -0.86667)",,
Leedey,12755,Valid,L6,51500,Fell,1943,35.88333,-99.33333,"(35.88333, -99.33333)",20,608
Leeuwfontein,12756,Valid,L6,460,Fell,1912,-25.66667,28.36667,"(-25.66667, 28.36667)",,
Leighlinbridge,12759,Valid,L6,271.4,Fell,1999,52.66667,-6.96667,"(52.66667, -6.96667)",,
Leighton,12760,Valid,H5,877,Fell,1907,34.58333,-87.5,"(34.58333, -87.5)",29,1585
Leonovka,12765,Valid,L6,700,Fell,1900,52.26667,32.85,"(52.26667, 32.85)",,
Les Ormes,12769,Valid,L6,125,Fell,1857,48.35,3.25,"(48.35, 3.25)",,
Lesves,12772,Valid,L6,2000,Fell,1896,50.36667,4.73333,"(50.36667, 4.73333)",,
Lichtenberg,14646,Valid,H6,4000,Fell,1973,-26.15,26.18333,"(-26.15, 26.18333)",,
Lillaverke,14650,Valid,H5,6862,Fell,1930,56.65,15.86667,"(56.65, 15.86667)",,
Limerick,14652,Valid,H5,50000,Fell,1813,52.56667,-8.78333,"(52.56667, -8.78333)",,
Linum,14655,Valid,L6,1862,Fell,1854,52.75,12.9,"(52.75, 12.9)",,
Lishui,14659,Valid,L5,498,Fell,1978,31.63333,118.98333,"(31.63333, 118.98333)",,
Lissa,14661,Valid,L6,12800,Fell,1808,50.2,14.85,"(50.2, 14.85)",,
Little Piney,14664,Valid,L5,491,Fell,1839,37.91667,-92.08333,"(37.91667, -92.08333)",18,2171
Lixna,14670,Valid,H4,5213,Fell,1820,56,26.43333,"(56.0, 26.43333)",,
Lodran,14675,Valid,Lodranite,1000,Fell,1868,29.53333,71.8,"(29.53333, 71.8)",,
Lohawat,14678,Valid,Howardite,40000,Fell,1994,26.96556,72.62667,"(26.96556, 72.62667)",,
Lorton,52843,Valid,L6,329.7,Fell,2010,38.70066,-77.21163,"(38.70066, -77.21163)",40,2770
Los Martinez,14708,Valid,L6,25,Fell,1894,38,-0.83333,"(38.0, -0.83333)",,
Lost City,14711,Valid,H5,17000,Fell,1970,36.00833,-95.15,"(36.00833, -95.15)",20,2711
Louisville,14716,Valid,L6,1300,Fell,1977,38.25,-85.75,"(38.25, -85.75)",36,1327
Łowicz,14718,Valid,Mesosiderite-A3,59000,Fell,1935,52,19.91667,"(52.0, 19.91667)",,
Lua,14721,Valid,L5,9241,Fell,1926,24.95,75.15,"(24.95, 75.15)",,
Lucé,14724,Valid,L6,3500,Fell,1768,47.85,0.48333,"(47.85, 0.48333)",,
Lumpkin,14753,Valid,L6,340,Fell,1869,32.03333,-84.76667,"(32.03333, -84.76667)",31,1567
Lunan,14754,Valid,H6,2520,Fell,1980,24.8,103.3,"(24.8, 103.3)",,
Lundsgård,14755,Valid,L6,11000,Fell,1889,56.21667,13.03333,"(56.21667, 13.03333)",,
Luotolax,14756,Valid,Howardite,885,Fell,1813,61.2,27.7,"(61.2, 27.7)",,
Luponnas,14757,Valid,H3-5,14000,Fell,1753,46.21667,5,"(46.21667, 5.0)",,
Lusaka,14759,Valid,Unknown,,Fell,1951,-7.21667,29.43333,"(-7.21667, 29.43333)",,
Mabwe-Khoywa,14764,Valid,L5,540,Fell,1937,19,97,"(19.0, 97.0)",,
Macau,15370,Valid,H5,1500,Fell,1836,-5.2,-36.66667,"(-5.2, -36.66667)",,
Machinga,15371,Valid,L6,93200,Fell,1981,-15.21222,35.24222,"(-15.21222, 35.24222)",,
Macibini,15372,Valid,Eucrite-pmict,1995,Fell,1936,-28.83333,31.95,"(-28.83333, 31.95)",,
Madhipura,15379,Valid,L,1000,Fell,1950,25.91667,86.36667,"(25.91667, 86.36667)",,
Madiun,15380,Valid,L6,400,Fell,1935,-7.75,111.53333,"(-7.75, 111.53333)",,
Madrid,15382,Valid,L6,400,Fell,1896,40.41667,-3.71667,"(40.41667, -3.71667)",,
Mafra,15383,Valid,L3-4,600,Fell,1941,-26.16667,-49.93333,"(-26.16667, -49.93333)",,
Magnesia,15386,Valid,"Iron, IAB-sHL",5000,Fell,1899,37.86667,27.51667,"(37.86667, 27.51667)",,
Magombedze,15387,Valid,H3-5,666.6,Fell,1990,-19.48333,31.65,"(-19.48333, 31.65)",,
Mahadevpur,47361,Valid,H4/5,70500,Fell,2007,27.66667,95.78333,"(27.66667, 95.78333)",,
Maigatari-Danduma,30751,Valid,H5/6,4629,Fell,2004,12.83333,9.38333,"(12.83333, 9.38333)",,
Malaga,15393,Valid,OC,150,Fell,1933,32.21667,-104,"(32.21667, -104.0)",11,611
Malakal,15394,Valid,L5,2000,Fell,1970,9.5,31.75,"(9.5, 31.75)",,
Malampaka,15395,Valid,H,470,Fell,1930,-3.13333,33.51667,"(-3.13333, 33.51667)",,
Malotas,15397,Valid,H5,,Fell,1931,-28.93333,-63.23333,"(-28.93333, -63.23333)",,
Malvern,15400,Valid,Eucrite-pmict,807,Fell,1933,-29.45,26.76667,"(-29.45, 26.76667)",,
Mamra Springs,15401,Valid,L6,1000,Fell,1927,45.21667,62.08333,"(45.21667, 62.08333)",,
Manbhoom,15402,Valid,LL6,1700,Fell,1863,23.05,86.7,"(23.05, 86.7)",,
Manegaon,15403,Valid,Diogenite,50,Fell,1843,20.96667,76.1,"(20.96667, 76.1)",,
Mangwendi,15405,Valid,LL6,22300,Fell,1934,-17.65,31.6,"(-17.65, 31.6)",,
Manych,15409,Valid,LL3.4,3555,Fell,1951,45.81667,44.63333,"(45.81667, 44.63333)",,
Mardan,15414,Valid,H5,4500,Fell,1948,34.23333,72.08333,"(34.23333, 72.08333)",,
Maria Linden,15418,Valid,L4,114,Fell,1925,,,,,
Mariaville,15419,Valid,Iron,340,Fell,1898,42.71667,-99.38333,"(42.71667, -99.38333)",19,471
Maribo,48973,Valid,CM2,25.81,Fell,2009,54.76183,11.46745,"(54.76183, 11.46745)",,
Maridi,15421,Valid,H6,3200,Fell,1941,4.66667,29.25,"(4.66667, 29.25)",,
Marilia,15422,Valid,H4,2500,Fell,1971,-22.25,-49.93333,"(-22.25, -49.93333)",,
Marion (Iowa),15424,Valid,L6,28400,Fell,1847,41.9,-91.6,"(41.9, -91.6)",16,287
Marjalahti,15426,Valid,"Pallasite, PMG",45000,Fell,1902,61.5,30.5,"(61.5, 30.5)",,
Marmande,15429,Valid,L5,3000,Fell,1848,44.5,0.15,"(44.5, 0.15)",,
Maromandia,15430,Valid,L6,6000,Fell,2002,-14.2,48.1,"(-14.2, 48.1)",,
Maryville,15436,Valid,L6,1443,Fell,1983,35.8,-84.1,"(35.8, -84.1)",39,2740
Mascombes,15438,Valid,L6,1000,Fell,1836,45.36667,1.86667,"(45.36667, 1.86667)",,
Mason Gully,53653,Valid,H5,24.54,Fell,2010,0,0,"(0.0, 0.0)",,
Mässing,15443,Valid,Howardite,1600,Fell,1803,48.13333,12.61667,"(48.13333, 12.61667)",,
Mauerkirchen,15446,Valid,L6,19000,Fell,1768,48.18333,13.13333,"(48.18333, 13.13333)",,
Mauritius,15447,Valid,L6,220,Fell,1801,-20,57,"(-20.0, 57.0)",,
Mayo Belwa,15451,Valid,Aubrite,4850,Fell,1974,8.96667,12.08333,"(8.96667, 12.08333)",,
Mazapil,15453,Valid,"Iron, IAB-sLL",4000,Fell,1885,24.68333,-101.68333,"(24.68333, -101.68333)",,
Maziba,15454,Valid,L6,4975,Fell,1942,-1.21667,30,"(-1.21667, 30.0)",,
Mbale,15455,Valid,L5/6,150000,Fell,1992,1.06667,34.16667,"(1.06667, 34.16667)",,
Medanitos,15467,Valid,Eucrite-cm,31,Fell,1953,-27.25,-67.5,"(-27.25, -67.5)",,
Meerut,15469,Valid,H5,22,Fell,1861,29.01667,77.8,"(29.01667, 77.8)",,
Meester-Cornelis,15470,Valid,H5,24750,Fell,1915,-6.23333,106.88333,"(-6.23333, 106.88333)",,
Menow,15485,Valid,H4,10500,Fell,1862,53.18333,13.15,"(53.18333, 13.15)",,
Menziswyl,15486,Valid,L5,28.9,Fell,1903,46.81867,7.21817,"(46.81867, 7.21817)",,
Mern,15489,Valid,L6,4000,Fell,1878,55.05,12.06667,"(55.05, 12.06667)",,
Meru,15491,Valid,LL6,6000,Fell,1945,0,37.66667,"(0.0, 37.66667)",,
Merua,15492,Valid,H5,71400,Fell,1920,25.48333,81.98333,"(25.48333, 81.98333)",,
Messina,15495,Valid,L5,2405,Fell,1955,38.18333,15.56667,"(38.18333, 15.56667)",,
Meuselbach,16626,Valid,L6,870,Fell,1897,50.58333,11.1,"(50.58333, 11.1)",,
Mezel,16627,Valid,L6,1300,Fell,1949,45.76667,3.25,"(45.76667, 3.25)",,
Mezö-Madaras,16628,Valid,L3.7,22700,Fell,1852,46.5,25.73333,"(46.5, 25.73333)",,
Mhow,16629,Valid,L6,350,Fell,1827,25.9,83.61667,"(25.9, 83.61667)",,
Mianchi,16631,Valid,H5,1100,Fell,1980,34.8,111.7,"(34.8, 111.7)",,
Middlesbrough,16632,Valid,L6,1600,Fell,1881,54.56667,-1.16667,"(54.56667, -1.16667)",,
Mifflin,52090,Valid,L5,3584,Fell,2010,42.9075,-90.36556,"(42.9075, -90.36556)",41,2996
Mighei,16634,Valid,CM2,8000,Fell,1889,48.06667,30.96667,"(48.06667, 30.96667)",,
Mihonoseki,16635,Valid,L6,6380,Fell,1992,35.56833,133.22,"(35.56833, 133.22)",,
Mike,16636,Valid,L6,224.2,Fell,1944,46.23333,17.53333,"(46.23333, 17.53333)",,
Milena,16640,Valid,L6,10000,Fell,1842,46.18333,16.1,"(46.18333, 16.1)",,
Millbillillie,16643,Valid,Eucrite-mmict,330000,Fell,1960,-26.45,120.36667,"(-26.45, 120.36667)",,
Miller (Arkansas),16645,Valid,H5,16700,Fell,1930,35.4,-92.05,"(35.4, -92.05)",15,11
Minamino,16692,Valid,L,1040,Fell,1632,35.07833,136.93333,"(35.07833, 136.93333)",,
Mineo,16696,Valid,Pallasite,42,Fell,1826,37.28333,14.7,"(37.28333, 14.7)",,
Min-Fan-Zhun,16697,Valid,LL6,5500,Fell,1952,32.33333,120.66667,"(32.33333, 120.66667)",,
Minnichhof,16700,Valid,OC,550,Fell,1905,47.7,16.6,"(47.7, 16.6)",,
Mirzapur,16701,Valid,L5,8510,Fell,1910,25.68333,83.25,"(25.68333, 83.25)",,
Misshof,16703,Valid,H5,5800,Fell,1890,56.66667,23,"(56.66667, 23.0)",,
Mjelleim,16707,Valid,H,100.7,Fell,1898,61.73333,5.93333,"(61.73333, 5.93333)",,
Mocs,16709,Valid,L5-6,300000,Fell,1882,46.8,24.03333,"(46.8, 24.03333)",,
Modoc (1905),16711,Valid,L6,35000,Fell,1905,38.5,-101.1,"(38.5, -101.1)",17,1290
Mokoia,16713,Valid,CV3,4500,Fell,1908,-39.63333,174.4,"(-39.63333, 174.4)",,
Molina,16715,Valid,H5,144000,Fell,1858,38.11667,-1.16667,"(38.11667, -1.16667)",,
Molteno,16717,Valid,Howardite,150,Fell,1953,-31.25,26.46667,"(-31.25, 26.46667)",,
Monahans (1998),16719,Valid,H5,2587,Fell,1998,31.60833,-102.85833,"(31.60833, -102.85833)",23,2957
Monroe,16720,Valid,H4,8600,Fell,1849,35.25,-80.5,"(35.25, -80.5)",37,636
Monte das Fortes,16725,Valid,L5,4885,Fell,1950,38.01667,-8.25,"(38.01667, -8.25)",,
Monte Milone,16726,Valid,L5,3130,Fell,1846,43.26667,13.35,"(43.26667, 13.35)",,
Montferré,16727,Valid,H5,149000,Fell,1923,43.39056,1.9625,"(43.39056, 1.9625)",,
Montlivault,16729,Valid,L6,500,Fell,1838,47.63333,1.58333,"(47.63333, 1.58333)",,
Monze,16733,Valid,L6,,Fell,1950,-15.96667,27.35,"(-15.96667, 27.35)",,
Moore County,16736,Valid,Eucrite-cm,1880,Fell,1913,35.41667,-79.38333,"(35.41667, -79.38333)",37,2431
Mooresfort,16737,Valid,H5,3520,Fell,1810,52.45,-8.33333,"(52.45, -8.33333)",,
Moorleah,16738,Valid,L6,8887.5,Fell,1930,-40.975,145.6,"(-40.975, 145.6)",,
Moradabad,16740,Valid,L6,70,Fell,1808,28.78333,78.83333,"(28.78333, 78.83333)",,
Morávka,16742,Valid,H5,633,Fell,2000,49.6,18.53333,"(49.6, 18.53333)",,
Mornans,16747,Valid,H5,1300,Fell,1875,44.6,5.13333,"(44.6, 5.13333)",,
Moss,36592,Valid,CO3.6,3763,Fell,2006,59.43333,10.7,"(59.43333, 10.7)",,
Moti-ka-nagla,16759,Valid,H6,1500,Fell,1868,26.83333,77.33333,"(26.83333, 77.33333)",,
Motta di Conti,16762,Valid,H4,9150,Fell,1868,45.2,8.5,"(45.2, 8.5)",,
Mount Browne,16766,Valid,H6,11300,Fell,1902,-29.8,141.7,"(-29.8, 141.7)",,
Mount Tazerzait,16804,Valid,L5,110000,Fell,1991,18.7,4.8,"(18.7, 4.8)",,
Mount Vaisi,16805,Valid,Stone-uncl,17000,Fell,1637,44.08333,6.86667,"(44.08333, 6.86667)",,
Mtola,16820,Valid,Stone-uncl,1100,Fell,1944,-11.5,33.5,"(-11.5, 33.5)",,
Muddoor,16841,Valid,L5,4400,Fell,1865,12.63333,77.01667,"(12.63333, 77.01667)",,
Mulletiwu,16851,Valid,L,25.5,Fell,1795,9.33333,80.83333,"(9.33333, 80.83333)",,
Muraid,16874,Valid,L6,4703,Fell,1924,24.5,90.21667,"(24.5, 90.21667)",,
Murchison,16875,Valid,CM2,100000,Fell,1969,-36.61667,145.2,"(-36.61667, 145.2)",,
Murray,16882,Valid,CM2,12600,Fell,1950,36.6,-88.1,"(36.6, -88.1)",36,237
Muzaffarpur,16885,Valid,"Iron, IAB-sHL",1245,Fell,1964,26.13333,85.53333,"(26.13333, 85.53333)",,
Myhee Caunta,16887,Valid,OC,,Fell,1842,23.05,72.63333,"(23.05, 72.63333)",,
Nadiabondi,16889,Valid,H5,8165,Fell,1956,12,1,"(12.0, 1.0)",,
Nagai,16890,Valid,L6,1810,Fell,1922,38.12167,140.06167,"(38.12167, 140.06167)",,
Nagaria,16892,Valid,Eucrite-cm,20,Fell,1875,26.98333,78.21667,"(26.98333, 78.21667)",,
Nagy-Borové,16893,Valid,L5,6100,Fell,1895,49.16667,19.5,"(49.16667, 19.5)",,
Nakhla,16898,Valid,Martian (nakhlite),10000,Fell,1911,31.31667,30.35,"(31.31667, 30.35)",,
Nakhon Pathom,16899,Valid,L6,23200,Fell,1923,13.73333,100.08333,"(13.73333, 100.08333)",,
Nammianthal,16902,Valid,H5,4500,Fell,1886,12.28333,79.2,"(12.28333, 79.2)",,
Nan Yang Pao,16903,Valid,L6,52900,Fell,1917,35.66667,103.5,"(35.66667, 103.5)",,
Nanjemoy,16904,Valid,H6,7500,Fell,1825,38.41667,-77.16667,"(38.41667, -77.16667)",45,419
Nantong,16907,Valid,H6,529,Fell,1984,32.11667,121.8,"(32.11667, 121.8)",,
Naoki,16908,Valid,H6,17000,Fell,1928,19.25,77,"(19.25, 77.0)",,
Naragh,16909,Valid,H6,2700,Fell,1974,33.75,51.5,"(33.75, 51.5)",,
Narellan,16912,Valid,L6,367.5,Fell,1928,-34.05,150.68889,"(-34.05, 150.68889)",,
Narni,16914,Valid,Stone-uncl,,Fell,920,42.51667,12.51667,"(42.51667, 12.51667)",,
Nassirah,16922,Valid,H4,347,Fell,1936,-21.73333,165.9,"(-21.73333, 165.9)",,
Natal,16923,Valid,Stone-uncl,1.4,Fell,1973,,,,,
Nawapali,16927,Valid,CM2,105,Fell,1890,21.25,83.66667,"(21.25, 83.66667)",,
Neagari,16934,Valid,L6,420,Fell,1995,36.44917,136.46528,"(36.44917, 136.46528)",,
Nedagolla,16935,Valid,"Iron, ungrouped",4500,Fell,1870,18.68333,83.48333,"(18.68333, 83.48333)",,
Nejo,16941,Valid,L6,2450,Fell,1970,9.5,35.33333,"(9.5, 35.33333)",,
Nerft,16945,Valid,L6,10250,Fell,1864,56.5,21.5,"(56.5, 21.5)",,
Neuschwanstein,16950,Valid,EL6,6189,Fell,2002,47.525,10.80833,"(47.525, 10.80833)",,
New Concord,16953,Valid,L6,230000,Fell,1860,40,-81.76667,"(40.0, -81.76667)",38,2615
New Halfa,16954,Valid,L4,12000,Fell,1994,15.36667,35.68333,"(15.36667, 35.68333)",,
New Orleans,16960,Valid,H5,19256,Fell,2003,29.94718,-90.10976,"(29.94718, -90.10976)",22,1667
Ngawi,16966,Valid,LL3.6,1393,Fell,1883,-7.45,111.41667,"(-7.45, 111.41667)",,
N'Goureyma,16968,Valid,"Iron, ungrouped",37500,Fell,1900,13.85,-4.38333,"(13.85, -4.38333)",,
Nicorps,16970,Valid,Stone-uncl,,Fell,1750,49.03333,-1.43333,"(49.03333, -1.43333)",,
Niger (L6),16974,Valid,L6,3.3,Fell,1967,,,,,
Niger (LL6),16975,Valid,LL6,3.3,Fell,1967,,,,,
Nikolaevka,16976,Valid,H4,3996,Fell,1935,52.45,78.63333,"(52.45, 78.63333)",,
Nikolskoe,16977,Valid,L4,6000,Fell,1954,56.11667,37.33333,"(56.11667, 37.33333)",,
Ningbo,16980,Valid,"Iron, IVA",14250,Fell,1975,29.86667,121.48333,"(29.86667, 121.48333)",,
Ningqiang,16981,Valid,C3-ung,4610,Fell,1983,32.925,105.90667,"(32.925, 105.90667)",,
Nio,16982,Valid,H3-4,467,Fell,1897,34.2,131.56667,"(34.2, 131.56667)",,
N'Kandhla,16983,Valid,"Iron, IID",17200,Fell,1912,-28.56667,30.7,"(-28.56667, 30.7)",,
Nobleborough,16984,Valid,Eucrite-pmict,2300,Fell,1823,44.08333,-69.48333,"(44.08333, -69.48333)",49,1683
Noblesville,16985,Valid,H4-6,483.7,Fell,1991,40.08528,-86.055,"(40.08528, -86.055)",35,2238
Nogata,16988,Valid,L6,472,Fell,860,33.725,130.75,"(33.725, 130.75)",,
Nogoya,16989,Valid,CM2,4000,Fell,1879,-32.36667,-59.83333,"(-32.36667, -59.83333)",,
Norfork,16994,Valid,"Iron, IIIAB",1050,Fell,1918,36.21667,-92.26667,"(36.21667, -92.26667)",15,10
Norton County,17922,Valid,Aubrite,1100000,Fell,1948,39.68333,-99.86667,"(39.68333, -99.86667)",17,1252
Noventa Vicentina,17930,Valid,H4,177,Fell,1971,45.29167,11.52722,"(45.29167, 11.52722)",,
Novo-Urei,17933,Valid,Ureilite,1900,Fell,1886,54.81667,46,"(54.81667, 46.0)",,
Novy-Ergi,17934,Valid,Stone-uncl,,Fell,1662,58.55,31.33333,"(58.55, 31.33333)",,
Novy-Projekt,17935,Valid,OC,1001,Fell,1908,56,22,"(56.0, 22.0)",,
Noyan-Bogdo,17936,Valid,L6,250,Fell,1933,42.91667,102.46667,"(42.91667, 102.46667)",,
Nuevo Mercurio,17938,Valid,H5,50000,Fell,1978,24.3,-102.13333,"(24.3, -102.13333)",,
Nulles,17959,Valid,H6,5000,Fell,1851,41.63333,0.75,"(41.63333, 0.75)",,
Numakai,17960,Valid,H4,363,Fell,1925,43.33333,141.86667,"(43.33333, 141.86667)",,
Nyaung,17969,Valid,"Iron, IIIAB",737.6,Fell,1939,21.20833,94.91667,"(21.20833, 94.91667)",,
Nyirábrany,17970,Valid,LL5,1100,Fell,1914,47.55,22.025,"(47.55, 22.025)",,
Ochansk,17979,Valid,H4,500000,Fell,1887,57.78333,55.26667,"(57.78333, 55.26667)",,
Oesede,17988,Valid,H5,1400,Fell,1927,52.28333,8.05,"(52.28333, 8.05)",,
Oesel,17989,Valid,L6,6000,Fell,1855,58.5,23,"(58.5, 23.0)",,
Ofehértó,17990,Valid,L6,3750,Fell,1900,47.88333,22.03333,"(47.88333, 22.03333)",,
Ogi,17994,Valid,H6,14360,Fell,1741,33.28333,130.2,"(33.28333, 130.2)",,
Ohaba,17995,Valid,H5,16250,Fell,1857,46.06667,23.58333,"(46.06667, 23.58333)",,
Ohuma,17996,Valid,L5,7700,Fell,1963,6.75,8.5,"(6.75, 8.5)",,
Ojuelos Altos,17997,Valid,L6,5850,Fell,1926,38.18333,-5.4,"(38.18333, -5.4)",,
Okabe,17998,Valid,H5,194,Fell,1958,36.18333,139.21667,"(36.18333, 139.21667)",,
Okano,18000,Valid,"Iron, IIAB",4742,Fell,1904,35.08333,135.2,"(35.08333, 135.2)",,
Okniny,18002,Valid,LL6,12000,Fell,1834,50.83333,25.5,"(50.83333, 25.5)",,
Oldenburg (1930),18009,Valid,L6,16570,Fell,1930,52.95,8.16667,"(52.95, 8.16667)",,
Oliva-Gandia,18012,Valid,Stone-uncl,,Fell,1519,39,-0.03333,"(39.0, -0.03333)",,
Olivenza,18013,Valid,LL5,150000,Fell,1924,38.71667,-7.06667,"(38.71667, -7.06667)",,
Olmedilla de Alarcón,18015,Valid,H5,40000,Fell,1929,39.56667,-2.1,"(39.56667, -2.1)",,
Omolon,18019,Valid,"Pallasite, PMG",250000,Fell,1981,64.02,161.80833,"(64.02, 161.80833)",,
Orgueil,18026,Valid,CI1,14000,Fell,1864,43.88333,1.38333,"(43.88333, 1.38333)",,
Orlando,34489,Valid,Eucrite,180,Fell,2004,28.5475,-81.36222,"(28.5475, -81.36222)",30,1078
Ornans,18030,Valid,CO3.4,6000,Fell,1868,47.11667,6.15,"(47.11667, 6.15)",,
Ortenau,18033,Valid,Stone-uncl,4500,Fell,1671,48.5,8,"(48.5, 8.0)",,
Orvinio,18034,Valid,H6,3400,Fell,1872,42.13333,12.93333,"(42.13333, 12.93333)",,
Oterøy,18042,Valid,L6,246,Fell,1928,58.88333,9.4,"(58.88333, 9.4)",,
Otomi,18045,Valid,H,6510,Fell,1867,38.4,140.35,"(38.4, 140.35)",,
Ottawa,18046,Valid,LL6,840,Fell,1896,38.6,-95.21667,"(38.6, -95.21667)",17,1947
Ouadangou,56729,Valid,L5,4440,Fell,2003,12.9,0.08,"(12.9, 0.08)",,
Oued el Hadjar,18050,Valid,LL6,1215.5,Fell,1986,30.18,-6.57717,"(30.18, -6.57717)",,
Oum Dreyga,31282,Valid,H3-5,17000,Fell,2003,24.3,-13.1,"(24.3, -13.1)",,
Ourique,18052,Valid,H4,20000,Fell,1998,37.60833,-8.28,"(37.60833, -8.28)",,
Ovambo,18055,Valid,L6,121.5,Fell,1900,-18,16,"(-18.0, 16.0)",,
Oviedo,18058,Valid,H5,205,Fell,1856,43.4,-5.86667,"(43.4, -5.86667)",,
Owrucz,18062,Valid,OC,,Fell,1775,51.33333,28.83333,"(51.33333, 28.83333)",,
Pacula,18068,Valid,L6,3400,Fell,1881,21.05,-99.3,"(21.05, -99.3)",,
Padvarninkai,18069,Valid,Eucrite-mmict,3858,Fell,1929,55.66667,25,"(55.66667, 25.0)",,
Paitan,18072,Valid,H6,515,Fell,1910,17.74333,120.45583,"(17.74333, 120.45583)",,
Palahatchie,18073,Valid,OC,,Fell,1910,32.31667,-89.71667,"(32.31667, -89.71667)",32,503
Palca de Aparzo,18074,Valid,L5,1430,Fell,1988,-23.11667,-65.1,"(-23.11667, -65.1)",,
Palinshih,18077,Valid,Iron,18000,Fell,1914,43.48333,118.61667,"(43.48333, 118.61667)",,
Palmyra,18079,Valid,L3,135,Fell,1926,39.8,-91.5,"(39.8, -91.5)",18,2122
Palolo Valley,18082,Valid,H5,682,Fell,1949,21.3,-157.78333,"(21.3, -157.78333)",4,1657
Dominion Range 03239,32591,Valid,L6,69.5,Found,2002,,,,,
Pampanga,18093,Valid,L5,10500,Fell,1859,15.08333,120.7,"(15.08333, 120.7)",,
Pantar,18098,Valid,H5,2130,Fell,1938,8.06667,124.28333,"(8.06667, 124.28333)",,
Paragould,18101,Valid,LL5,408000,Fell,1930,36.06667,-90.5,"(36.06667, -90.5)",15,1023
Parambu,18102,Valid,LL5,2000,Fell,1967,-6.23333,-40.7,"(-6.23333, -40.7)",,
Paranaiba,18103,Valid,L6,100000,Fell,1956,-19.13333,-51.66667,"(-19.13333, -51.66667)",,
Park Forest,18106,Valid,L5,18000,Fell,2003,41.48472,-87.67917,"(41.48472, -87.67917)",34,1863
Parnallee,18108,Valid,LL3.6,77600,Fell,1857,9.23333,78.35,"(9.23333, 78.35)",,
Parsa,18109,Valid,EH3,800,Fell,1942,26.2,85.4,"(26.2, 85.4)",,
Pasamonte,18110,Valid,Eucrite-pmict,5100,Fell,1933,36.21667,-103.4,"(36.21667, -103.4)",11,1994
Patora,18112,Valid,H6,4375,Fell,1969,20.93694,82.05,"(20.93694, 82.05)",,
Patrimonio,18116,Valid,L6,2121,Fell,1950,-19.53333,-48.56667,"(-19.53333, -48.56667)",,
Patti,18118,Valid,Iron,12,Fell,1922,38.13333,14.96667,"(38.13333, 14.96667)",,
Patwar,18171,Valid,Mesosiderite-A1,37350,Fell,1935,23.15,91.18333,"(23.15, 91.18333)",,
Pavel,18173,Valid,H5,2968,Fell,1966,43.46667,25.51667,"(43.46667, 25.51667)",,
Pavlodar (stone),18175,Valid,H5,142.5,Fell,1938,52.3,77.03333,"(52.3, 77.03333)",,
Pavlograd,18176,Valid,L6,40000,Fell,1826,48.53333,35.98333,"(48.53333, 35.98333)",,
Pavlovka,18177,Valid,Howardite,2000,Fell,1882,52.03333,43,"(52.03333, 43.0)",,
Pê,18179,Valid,L6,,Fell,1989,11.33367,-3.54217,"(11.33367, -3.54217)",,
Peace River,18180,Valid,L6,45760,Fell,1963,56.13333,-117.93333,"(56.13333, -117.93333)",,
Peckelsheim,18181,Valid,Diogenite-pm,117.8,Fell,1953,51.66667,9.25,"(51.66667, 9.25)",,
Peekskill,18782,Valid,H6,12570,Fell,1992,41.28333,-73.91667,"(41.28333, -73.91667)",47,2185
Peña Blanca Spring,18786,Valid,Aubrite,70000,Fell,1946,30.125,-103.11667,"(30.125, -103.11667)",23,3062
Peramiho,18792,Valid,Eucrite-mmict,165,Fell,1899,-10.66667,35.5,"(-10.66667, 35.5)",,
Perpeti,18793,Valid,L6,23474,Fell,1935,23.325,91,"(23.325, 91.0)",,
Perth,18797,Valid,LL5,2,Fell,1830,56.4,-3.43333,"(56.4, -3.43333)",,
Pervomaisky,18798,Valid,L6,66000,Fell,1933,56.63333,39.43333,"(56.63333, 39.43333)",,
Pesyanoe,18799,Valid,Aubrite,3393,Fell,1933,55.5,66.08333,"(55.5, 66.08333)",,
Pétèlkolé,18800,Valid,H5,189,Fell,1995,14.052,0.42,"(14.052, 0.42)",,
Petersburg,18801,Valid,Eucrite-pmict,1800,Fell,1855,35.3,-86.63333,"(35.3, -86.63333)",39,2017
Pettiswood,18804,Valid,Stone-uncl,,Fell,1779,53.53333,-7.33333,"(53.53333, -7.33333)",,
Phillips County (stone),18808,Valid,L6,57900,Fell,1901,40,-99.25,"(40.0, -99.25)",17,1255
Phu Hong,18809,Valid,H4,500,Fell,1887,11.25,108.58333,"(11.25, 108.58333)",,
Phum Sambo,18811,Valid,H4,7800,Fell,1933,12,105.48333,"(12.0, 105.48333)",,
Phuoc-Binh,18812,Valid,L5,11000,Fell,1941,15.71667,108.1,"(15.71667, 108.1)",,
Piancaldoli,18813,Valid,LL3.4,13.1,Fell,1968,44.24417,11.50222,"(44.24417, 11.50222)",,
Picote,18816,Valid,Stone-uncl,,Fell,1843,41.36667,-6.23333,"(41.36667, -6.23333)",,
Pillistfer,18822,Valid,EL6,23250,Fell,1863,58.66667,25.73333,"(58.66667, 25.73333)",,
Piplia Kalan,18831,Valid,Eucrite-mmict,42000,Fell,1996,26.03472,73.94167,"(26.03472, 73.94167)",,
Piquetberg,18832,Valid,H,37,Fell,1881,-32.86667,18.71667,"(-32.86667, 18.71667)",,
Pirgunje,18834,Valid,L6,842,Fell,1882,25.8,88.45,"(25.8, 88.45)",,
Pirthalla,18835,Valid,H6,1161,Fell,1884,29.58333,76,"(29.58333, 76.0)",,
Pitts,18837,Valid,"Iron, IAB-ung",3760,Fell,1921,31.95,-83.51667,"(31.95, -83.51667)",31,207
Plantersville,18846,Valid,H6,2085,Fell,1930,30.7,-96.11667,"(30.7, -96.11667)",23,2018
Pleşcoi,51706,Valid,L5-6,6913,Fell,2008,45.275,26.70972,"(45.275, 26.70972)",,
Ploschkovitz,18849,Valid,L5,39,Fell,1723,50.53333,14.11667,"(50.53333, 14.11667)",,
Pnompehn,18851,Valid,L6,96,Fell,1868,11.58333,104.91667,"(11.58333, 104.91667)",,
Dominion Range 03240,32592,Valid,LL5,290.9,Found,2002,,,,,
Pohlitz,18853,Valid,L5,3000,Fell,1819,50.93333,12.13333,"(50.93333, 12.13333)",,
Pokhra,18858,Valid,H5,350,Fell,1866,26.71667,82.66667,"(26.71667, 82.66667)",,
Pollen,18860,Valid,CM2,253.6,Fell,1942,66.34833,14.015,"(66.34833, 14.015)",,
Pontlyfni,18865,Valid,Winonaite,157,Fell,1931,53.03639,-4.31944,"(53.03639, -4.31944)",,
Portales Valley,18874,Valid,H6,71400,Fell,1998,34.175,-103.295,"(34.175, -103.295)",11,1987
Portugal,18876,Valid,Stone-uncl,4500,Fell,1796,38.5,-8,"(38.5, -8.0)",,
Po-wang Chen,18879,Valid,LL,665,Fell,1933,31.41667,118.5,"(31.41667, 118.5)",,
Prambachkirchen,18883,Valid,L6,2125,Fell,1932,48.3025,13.94083,"(48.3025, 13.94083)",,
Pribram,18887,Valid,H5,5555,Fell,1959,49.66667,14.03333,"(49.66667, 14.03333)",,
Pricetown,18888,Valid,L6,900,Fell,1893,39.11667,-83.85,"(39.11667, -83.85)",38,2566
Puerto Lápice,45984,Valid,Eucrite-br,500,Fell,2007,39.35,-3.51667,"(39.35, -3.51667)",,
Pulsora,18899,Valid,H5,560,Fell,1863,23.36667,75.18333,"(23.36667, 75.18333)",,
Pultusk,18901,Valid,H5,250000,Fell,1868,52.76667,21.26667,"(52.76667, 21.26667)",,
Punganaru,18902,Valid,Stone-uncl,100,Fell,1811,13.33333,78.95,"(13.33333, 78.95)",,
Putinga,18905,Valid,L6,300000,Fell,1937,-29.03333,-53.05,"(-29.03333, -53.05)",,
Qidong,18907,Valid,L/LL5,1275,Fell,1982,32.08333,121.5,"(32.08333, 121.5)",,
Qingzhen,18908,Valid,EH3,2600,Fell,1976,26.53333,106.46667,"(26.53333, 106.46667)",,
Queen's Mercy,22357,Valid,H6,7000,Fell,1925,-30.11667,28.7,"(-30.11667, 28.7)",,
Quenggouk,22358,Valid,H4,6045,Fell,1857,17.76667,95.18333,"(17.76667, 95.18333)",,
Quesa,22360,Valid,"Iron, IAB-ung",10750,Fell,1898,39,-0.66667,"(39.0, -0.66667)",,
Quija,22361,Valid,H,17450,Fell,1990,44.61667,126.13333,"(44.61667, 126.13333)",,
Quincay,22363,Valid,L6,65,Fell,1851,46.6,0.25,"(46.6, 0.25)",,
Raco,22368,Valid,H5,5000,Fell,1957,-26.66667,-65.45,"(-26.66667, -65.45)",,
Raghunathpura,22371,Valid,"Iron, IIAB",10200,Fell,1986,27.72528,76.465,"(27.72528, 76.465)",,
Rahimyar Khan,31302,Valid,L5,67225,Fell,1983,28.225,70.2,"(28.225, 70.2)",,
Rakovka,22376,Valid,L6,9000,Fell,1878,52.98333,37.03333,"(52.98333, 37.03333)",,
Ramnagar,22384,Valid,L6,3766,Fell,1940,26.45,82.9,"(26.45, 82.9)",,
Rampurhat,22385,Valid,LL,100,Fell,1916,24.16667,87.76667,"(24.16667, 87.76667)",,
Ramsdorf,22386,Valid,L6,4682,Fell,1958,51.88333,6.93333,"(51.88333, 6.93333)",,
Ranchapur,22387,Valid,H4,290.4,Fell,1917,23.98333,87.08333,"(23.98333, 87.08333)",,
Rancho de la Presa,22390,Valid,H5,300,Fell,1899,19.86667,-100.81667,"(19.86667, -100.81667)",,
Rangala,22392,Valid,L6,3224.5,Fell,1937,25.38333,72.01667,"(25.38333, 72.01667)",,
Raoyang,22394,Valid,L6,4910,Fell,1919,38.2,115.7,"(38.2, 115.7)",,
Ras Tanura,22395,Valid,H6,6.1,Fell,1961,26.66667,50.15,"(26.66667, 50.15)",,
Rasgrad,22396,Valid,Stone-uncl,24700,Fell,1740,43.5,26.53333,"(43.5, 26.53333)",,
Ratyn,22398,Valid,Stone-uncl,910,Fell,1880,52.2,17.98333,"(52.2, 17.98333)",,
Red Canyon Lake,53502,Valid,H5,18.41,Fell,2007,38.13742,-119.75812,"(38.13742, -119.75812)",8,1391
Reliegos,22584,Valid,L5,17300,Fell,1947,42.475,-5.33333,"(42.475, -5.33333)",,
Rembang,22585,Valid,"Iron, IVA",10000,Fell,1919,-6.73333,111.36667,"(-6.73333, 111.36667)",,
Renazzo,22586,Valid,CR2,1000,Fell,1824,44.76667,11.28333,"(44.76667, 11.28333)",,
Renca,22587,Valid,L5,300,Fell,1925,-32.75,-65.28333,"(-32.75, -65.28333)",,
Renqiu,22589,Valid,L6,355,Fell,1916,38.66667,116.13333,"(38.66667, 116.13333)",,
Repeev Khutor,22590,Valid,"Iron, IIF",7000,Fell,1933,48.6,45.66667,"(48.6, 45.66667)",,
Revelstoke,22592,Valid,CI1,1,Fell,1965,51.33333,-118.95,"(51.33333, -118.95)",,
Rewari,22593,Valid,L6,3332,Fell,1929,28.2,76.66667,"(28.2, 76.66667)",,
Rich Mountain,22597,Valid,L6,668,Fell,1903,35.03333,-83.03333,"(35.03333, -83.03333)",37,2388
Uzcudun,24140,Valid,L,20000,Fell,1948,-44.11667,-66.15,"(-44.11667, -66.15)",,
Richardton,22599,Valid,H5,90000,Fell,1918,46.88333,-102.31667,"(46.88333, -102.31667)",3,569
Richland Springs,22602,Valid,OC,1900,Fell,1980,31.25,-99.03333,"(31.25, -99.03333)",23,2885
Richmond,22603,Valid,LL5,1800,Fell,1828,37.46667,-77.5,"(37.46667, -77.5)",40,2764
Rio Negro,22611,Valid,L4,1310,Fell,1934,-26.1,-49.8,"(-26.1, -49.8)",,
Rivolta de Bassi,22614,Valid,Stone-uncl,103.3,Fell,1490,45.48333,9.51667,"(45.48333, 9.51667)",,
Rochester,22637,Valid,H6,340,Fell,1876,41.08333,-86.28333,"(41.08333, -86.28333)",35,150
Rockhampton,22640,Valid,Stone-uncl,1641,Fell,1895,-23.38333,150.51667,"(-23.38333, 150.51667)",,
Roda,22641,Valid,Diogenite,400,Fell,1871,42.3,0.55,"(42.3, 0.55)",,
Rodach,22642,Valid,Stone-uncl,2900,Fell,1775,50.35,10.8,"(50.35, 10.8)",,
Rose City,22766,Valid,H5,10600,Fell,1921,44.51667,-83.95,"(44.51667, -83.95)",50,361
Rowton,22773,Valid,"Iron, IIIAB",3500,Fell,1876,52.76667,-2.51667,"(52.76667, -2.51667)",,
Ruhobobo,22780,Valid,L6,465.5,Fell,1976,-1.45,29.83333,"(-1.45, 29.83333)",,
Rumuruti,22782,Valid,R3.8-6,67,Fell,1934,0.26667,36.53333,"(0.26667, 36.53333)",,
Rupota,22783,Valid,L4-6,6000,Fell,1949,-10.26667,38.76667,"(-10.26667, 38.76667)",,
Ryechki,22791,Valid,L5,13000,Fell,1914,51.13333,34.5,"(51.13333, 34.5)",,
Sabetmahet,22792,Valid,H5,1250,Fell,1855,27.43333,82.08333,"(27.43333, 82.08333)",,
Sabrum,22793,Valid,LL6,478,Fell,1999,23.08333,91.66667,"(23.08333, 91.66667)",,
Sagan,22796,Valid,Stone-uncl,,Fell,1636,51.53333,14.88333,"(51.53333, 14.88333)",,
Saint-Sauveur,23101,Valid,EH5,14000,Fell,1914,43.73333,1.38333,"(43.73333, 1.38333)",,
Saint-Séverin,23102,Valid,LL6,271000,Fell,1966,45.3,0.23333,"(45.3, 0.23333)",,
Sakauchi,23103,Valid,Iron,4180,Fell,1913,35.66667,136.3,"(35.66667, 136.3)",,
Salem,23107,Valid,L6,61.4,Fell,1981,44.97917,-122.96944,"(44.97917, -122.96944)",12,2409
Salles,23111,Valid,L5,9000,Fell,1798,46.05,4.63333,"(46.05, 4.63333)",,
Salzwedel,23114,Valid,LL5,43,Fell,1985,52.75,11.05,"(52.75, 11.05)",,
Samelia,23115,Valid,"Iron, IIIAB",2462,Fell,1921,25.66667,74.86667,"(25.66667, 74.86667)",,
San Juan Capistrano,23128,Valid,H6,56,Fell,1973,33.48472,-117.6625,"(33.48472, -117.6625)",8,1174
San Michele,31315,Valid,L6,237,Fell,2002,43.66667,13,"(43.66667, 13.0)",,
San Pedro de Quiles,23130,Valid,L6,282,Fell,1956,-31.01667,-71.4,"(-31.01667, -71.4)",,
San Pedro Jacuaro,34063,Valid,LL6,460,Fell,1968,19.76667,-100.65,"(19.76667, -100.65)",,
Santa Barbara,23161,Valid,L4,400,Fell,1873,-29.2,-51.86667,"(-29.2, -51.86667)",,
Santa Cruz,23164,Valid,CM2,60,Fell,1939,24.16667,-99.33333,"(24.16667, -99.33333)",,
Santa Isabel,23165,Valid,L6,5500,Fell,1924,-33.9,-61.7,"(-33.9, -61.7)",,
Santa Lucia (2008),50909,Valid,L6,4000,Fell,2008,-31.535556,-68.489444,"(-31.535556, -68.489444)",,
São Jose do Rio Preto,23171,Valid,H4,927,Fell,1962,-20.81,-49.38056,"(-20.81, -49.38056)",,
Saratov,23176,Valid,L4,200000,Fell,1918,52.55,46.55,"(52.55, 46.55)",,
Sasagase,23187,Valid,H,695,Fell,1688,34.71667,137.78333,"(34.71667, 137.78333)",,
Sauguis,23188,Valid,L6,4000,Fell,1868,43.15,-0.85,"(43.15, -0.85)",,
Savtschenskoje,23190,Valid,LL4,2500,Fell,1894,47.21667,29.86667,"(47.21667, 29.86667)",,
Sayama,23192,Valid,CM2,430,Fell,1986,35.86667,139.4,"(35.86667, 139.4)",,
Sazovice,23455,Valid,L5,412,Fell,1934,49.23333,17.56667,"(49.23333, 17.56667)",,
Schellin,23457,Valid,L,7000,Fell,1715,53.35,15.05,"(53.35, 15.05)",,
Schenectady,23458,Valid,H5,283.3,Fell,1968,42.86083,-73.95028,"(42.86083, -73.95028)",47,2142
Schönenberg,23460,Valid,L6,8000,Fell,1846,48.11667,10.46667,"(48.11667, 10.46667)",,
Searsmont,23472,Valid,H5,5400,Fell,1871,44.36667,-69.2,"(44.36667, -69.2)",49,1727
Sediköy,23473,Valid,L6,240,Fell,1917,38.3,27.13333,"(38.3, 27.13333)",,
Segowlie,23476,Valid,LL6,6930,Fell,1853,26.75,84.78333,"(26.75, 84.78333)",,
Selakopi,23481,Valid,H5,1590,Fell,1939,-7.23333,107.33333,"(-7.23333, 107.33333)",,
Seldebourak,23483,Valid,H5,150,Fell,1947,22.83333,4.98333,"(22.83333, 4.98333)",,
Semarkona,23487,Valid,LL3.00,691,Fell,1940,22.25,79,"(22.25, 79.0)",,
Sena,23495,Valid,H4,4000,Fell,1773,41.71667,-0.05,"(41.71667, -0.05)",,
Senboku,23496,Valid,H6,866,Fell,1993,39.43833,140.51167,"(39.43833, 140.51167)",,
Seoni,23500,Valid,H6,20000,Fell,1966,21.68389,79.50083,"(21.68389, 79.50083)",,
Seres,23501,Valid,H4,8500,Fell,1818,41.05,23.56667,"(41.05, 23.56667)",,
Serra de Magé,23502,Valid,Eucrite-cm,1800,Fell,1923,-8.38333,-36.76667,"(-8.38333, -36.76667)",,
Sete Lagoas,23504,Valid,H4,350,Fell,1908,-19.46667,-44.21667,"(-19.46667, -44.21667)",,
Sevilla,23508,Valid,LL4,180,Fell,1862,37.41667,-6,"(37.41667, -6.0)",,
Sevrukovo,23509,Valid,L5,101000,Fell,1874,50.61667,36.6,"(50.61667, 36.6)",,
Sfax,23512,Valid,L6,7000,Fell,1989,34.75,10.71667,"(34.75, 10.71667)",,
Shalka,23521,Valid,Diogenite,4000,Fell,1850,23.1,87.3,"(23.1, 87.3)",,
Sharps,23525,Valid,H3.4,1265,Fell,1921,37.83333,-76.7,"(37.83333, -76.7)",40,921
Shelburne,23529,Valid,L5,18600,Fell,1904,44.05,-80.16667,"(44.05, -80.16667)",,
Shergotty,23530,Valid,Martian (shergottite),5000,Fell,1865,24.55,84.83333,"(24.55, 84.83333)",,
Sheyang,23531,Valid,L6,605,Fell,1976,33.65,120.06667,"(33.65, 120.06667)",,
Shikarpur,23534,Valid,L6,3679.7,Fell,1921,25.85,87.5775,"(25.85, 87.5775)",,
Shuangyang,23582,Valid,H5,3900,Fell,1971,43.5,125.66667,"(43.5, 125.66667)",,
Shupiyan,23583,Valid,H6,5000,Fell,1912,33.71667,74.83333,"(33.71667, 74.83333)",,
Shytal,23584,Valid,L6,3200,Fell,1863,24.33333,90.16667,"(24.33333, 90.16667)",,
Siena,23586,Valid,LL5,3700,Fell,1794,43.11667,11.6,"(43.11667, 11.6)",,
Sikhote-Alin,23593,Valid,"Iron, IIAB",23000000,Fell,1947,46.16,134.65333,"(46.16, 134.65333)",,
Silao,23594,Valid,H5,1710,Fell,1995,20.93333,-101.38333,"(20.93333, -101.38333)",,
Silistra,55584,Valid,Achondrite-ung,0.15,Fell,1917,44.11667,27.26667,"(44.11667, 27.26667)",,
Simmern,23603,Valid,H5,1222,Fell,1920,49.98333,7.53333,"(49.98333, 7.53333)",,
Sinai,23606,Valid,L6,1455,Fell,1916,30.9,32.48333,"(30.9, 32.48333)",,
Sindhri,23611,Valid,H5,8400,Fell,1901,26.21667,69.55,"(26.21667, 69.55)",,
Sinnai,23613,Valid,H6,2000,Fell,1956,39.3,9.2,"(39.3, 9.2)",,
Sioux County,23614,Valid,Eucrite-mmict,4100,Fell,1933,42.58333,-103.66667,"(42.58333, -103.66667)",19,2351
Sitathali,23616,Valid,H5,1600,Fell,1875,20.91667,82.58333,"(20.91667, 82.58333)",,
Sivas,23617,Valid,H6,40000,Fell,1989,39.82467,36.13583,"(39.82467, 36.13583)",,
Sixiangkou,23619,Valid,L5,630,Fell,1989,32.43333,119.86667,"(32.43333, 119.86667)",,
Ski,23621,Valid,L6,850,Fell,1848,59.73333,10.86667,"(59.73333, 10.86667)",,
Slavetic,23626,Valid,H5,1708,Fell,1868,45.68333,15.6,"(45.68333, 15.6)",,
Slobodka,23645,Valid,L4,2750,Fell,1818,55,35,"(55.0, 35.0)",,
Soheria,23660,Valid,OC,72.9,Fell,1960,27.13333,84.06667,"(27.13333, 84.06667)",,
Soko-Banja,23661,Valid,LL4,80000,Fell,1877,43.66667,21.86667,"(43.66667, 21.86667)",,
Sologne,23663,Valid,H5,54,Fell,1860,47.36667,1.73333,"(47.36667, 1.73333)",,
Sołtmany,53829,Valid,L6,1066,Fell,2011,54.00883,22.005,"(54.00883, 22.005)",,
Sone,23667,Valid,H5,17100,Fell,1866,35.16667,135.33333,"(35.16667, 135.33333)",,
Songyuan,23668,Valid,L6,36900,Fell,1993,45.25,125,"(45.25, 125.0)",,
Sopot,23670,Valid,OC,958,Fell,1927,44.41667,23.5,"(44.41667, 23.5)",,
Soroti,23671,Valid,"Iron, ungrouped",2050,Fell,1945,1.7,33.63333,"(1.7, 33.63333)",,
St. Caprais-de-Quinsac,23081,Valid,L6,360,Fell,1883,44.75,0.05,"(44.75, 0.05)",,
St. Christophe-la-Chartreuse,23082,Valid,L6,5500,Fell,1841,46.95,-1.5,"(46.95, -1.5)",,
St. Denis Westrem,23083,Valid,L6,700,Fell,1855,51.05,3.75,"(51.05, 3.75)",,
St. Germain-du-Pinel,23087,Valid,H6,4000,Fell,1890,48.01667,-1.15,"(48.01667, -1.15)",,
St. Louis,23089,Valid,H4,1000,Fell,1950,38.7,-90.23333,"(38.7, -90.23333)",18,2223
St. Mark's,23090,Valid,EH5,13780,Fell,1903,-32.01667,27.41667,"(-32.01667, 27.41667)",,
St. Mary's County,23091,Valid,LL3.3,24.3,Fell,1919,38.16667,-76.38333,"(38.16667, -76.38333)",45,424
St. Mesmin,23092,Valid,LL6,8300,Fell,1866,48.45,3.93333,"(48.45, 3.93333)",,
St. Michel,23093,Valid,L6,17000,Fell,1910,61.65,27.2,"(61.65, 27.2)",,
St.-Chinian,23097,Valid,L6,134.3,Fell,1959,43.43333,2.95,"(43.43333, 2.95)",,
Ställdalen,23712,Valid,H5,34000,Fell,1876,59.93333,14.95,"(59.93333, 14.95)",,
Stannern,23713,Valid,Eucrite-mmict,52000,Fell,1808,49.28333,15.56667,"(49.28333, 15.56667)",,
Stavropol,23717,Valid,L6,1500,Fell,1857,45.05,41.98333,"(45.05, 41.98333)",,
Ste. Marguerite,23099,Valid,H4,4960,Fell,1962,50.76667,3,"(50.76667, 3.0)",,
Sterlitamak,23724,Valid,"Iron, IIIAB",325000,Fell,1990,53.66667,55.98333,"(53.66667, 55.98333)",,
Stolzenau,23726,Valid,Stone-uncl,,Fell,1647,52.53333,9.05,"(52.53333, 9.05)",,
Stratford,23728,Valid,L6,50,Fell,1974,41.2,-73.13333,"(41.2, -73.13333)",24,1040
Strathmore,23729,Valid,L6,13400,Fell,1917,56.58333,-3.25,"(56.58333, -3.25)",,
Stretchleigh,23732,Valid,Stone-uncl,10400,Fell,1623,50.38333,-3.95,"(50.38333, -3.95)",,
St-Robert,23733,Valid,H5,25400,Fell,1994,45.96861,-72.97806,"(45.96861, -72.97806)",,
Success,23736,Valid,L6,3500,Fell,1924,36.48333,-90.66667,"(36.48333, -90.66667)",15,955
Suchy Dul,23737,Valid,L6,815.3,Fell,1969,50.53806,16.26333,"(50.53806, 16.26333)",,
Suizhou,23738,Valid,L6,260000,Fell,1986,31.61667,113.46667,"(31.61667, 113.46667)",,
Sulagiri,48951,Valid,LL6,110000,Fell,2008,12.66667,78.03333,"(12.66667, 78.03333)",,
Sultanpur,23741,Valid,L/LL6,1710.5,Fell,1916,25.93333,84.28333,"(25.93333, 84.28333)",,
Sungach,23745,Valid,H5,637,Fell,1935,44.86667,133.16667,"(44.86667, 133.16667)",,
Supuhee,23760,Valid,H6,7235,Fell,1865,26.71667,84.21667,"(26.71667, 84.21667)",,
Sutter's Mill,55529,Valid,C,992.5,Fell,2012,38.80389,-120.90806,"(38.80389, -120.90806)",8,1187
Sylacauga,23773,Valid,H4,5560,Fell,1954,33.18836,-86.2945,"(33.18836, -86.2945)",29,1637
Tabor,23776,Valid,H5,7540,Fell,1753,49.4,14.65,"(49.4, 14.65)",,
Tadjera,23778,Valid,L5,9000,Fell,1867,36.18333,5.41667,"(36.18333, 5.41667)",,
Tagish Lake,23782,Valid,C2-ung,10000,Fell,2000,59.70444,-134.20139,"(59.70444, -134.20139)",,
Tahara,23784,Valid,H4/5,1000,Fell,1991,34.72,137.305,"(34.72, 137.305)",,
Takenouchi,23789,Valid,H5,720,Fell,1880,35.38333,134.9,"(35.38333, 134.9)",,
Talampaya,23791,Valid,Eucrite-cm,1421,Fell,1995,,,,,
Tambakwatu,23795,Valid,L6,10500,Fell,1975,-7.75,112.76667,"(-7.75, 112.76667)",,
Tamdakht,48691,Valid,H5,100000,Fell,2008,31.16333,-7.015,"(31.16333, -7.015)",,
Tané,23801,Valid,L5,905,Fell,1918,35.43333,136.23333,"(35.43333, 136.23333)",,
Taonan,23873,Valid,L5,3850,Fell,1965,45.4,122.9,"(45.4, 122.9)",,
Tatahouine,23884,Valid,Diogenite,12000,Fell,1931,32.95,10.41667,"(32.95, 10.41667)",,
Tathlith,23885,Valid,L6,2500,Fell,1967,19.38333,43.73333,"(19.38333, 43.73333)",,
Tauk,23887,Valid,L6,6000,Fell,1929,35.13333,44.45,"(35.13333, 44.45)",,
Tauti,23888,Valid,L6,21000,Fell,1937,46.71667,23.5,"(46.71667, 23.5)",,
Tenham,23897,Valid,L6,160000,Fell,1879,-25.73333,142.95,"(-25.73333, 142.95)",,
Tennasilm,23898,Valid,L4,28500,Fell,1872,58.03333,26.95,"(58.03333, 26.95)",,
Thal,23908,Valid,H6,342,Fell,1950,33.4,70.6,"(33.4, 70.6)",,
Thika,54493,Valid,L6,14200,Fell,2011,-1.00278,37.15028,"(-1.00278, 37.15028)",,
Thuathe,23976,Valid,H4/5,45300,Fell,2002,-29.33333,27.58333,"(-29.33333, 27.58333)",,
Tianzhang,23984,Valid,H5,2232,Fell,1986,32.94667,118.99,"(32.94667, 118.99)",,
Tieschitz,23989,Valid,H/L3.6,28000,Fell,1878,49.6,17.11667,"(49.6, 17.11667)",,
Tilden,23998,Valid,L6,74800,Fell,1927,38.2,-89.68333,"(38.2, -89.68333)",34,1762
Tillaberi,23999,Valid,L6,3000,Fell,1970,14.25,1.53333,"(14.25, 1.53333)",,
Timochin,24004,Valid,H5,65500,Fell,1807,54.5,35.2,"(54.5, 35.2)",,
Tirupati,24009,Valid,H6,230,Fell,1934,13.63333,79.41667,"(13.63333, 79.41667)",,
Tissint,54823,Valid,Martian (shergottite),7000,Fell,2011,29.48195,-7.61123,"(29.48195, -7.61123)",,
Tjabe,24011,Valid,H6,20000,Fell,1869,-7.08333,111.53333,"(-7.08333, 111.53333)",,
Tjerebon,24012,Valid,L5,16500,Fell,1922,-6.66667,106.58333,"(-6.66667, 106.58333)",,
Tomakovka,24019,Valid,LL6,600,Fell,1905,47.85,34.76667,"(47.85, 34.76667)",,
Tomatlan,24020,Valid,H6,900,Fell,1879,20.16667,-105.21667,"(20.16667, -105.21667)",,
Tomita,24023,Valid,L,600,Fell,1916,34.5,133.75,"(34.5, 133.75)",,
Tomiya,24024,Valid,H4/5,27.5,Fell,1984,38.36667,140.86556,"(38.36667, 140.86556)",,
Tonk,24026,Valid,CI1,7.7,Fell,1911,24.65,76.86667,"(24.65, 76.86667)",,
Torino,24029,Valid,H6,977,Fell,1988,45.06667,7.66667,"(45.06667, 7.66667)",,
Torrington,24032,Valid,H6,259.1,Fell,1944,42.06667,-104.16667,"(42.06667, -104.16667)",14,890
Toulouse,24036,Valid,H6,1030,Fell,1812,43.6,1.4,"(43.6, 1.4)",,
Tounkin,24037,Valid,OC,2000,Fell,1824,51.73333,102.53333,"(51.73333, 102.53333)",,
Tourinnes-la-Grosse,24038,Valid,L6,14500,Fell,1863,50.78333,4.76667,"(50.78333, 4.76667)",,
Trebbin,24042,Valid,LL6,1250,Fell,1988,52.21667,13.16667,"(52.21667, 13.16667)",,
Trenzano,24046,Valid,H3/4,11800,Fell,1856,45.46667,10,"(45.46667, 10.0)",,
Treysa,24050,Valid,"Iron, IIIAB-an",63000,Fell,1916,50.91667,9.18333,"(50.91667, 9.18333)",,
Tromøy,24053,Valid,H,357.4,Fell,1950,58.47333,8.86667,"(58.47333, 8.86667)",,
Troup,24054,Valid,L6,1020,Fell,1917,32.16667,-95.1,"(32.16667, -95.1)",23,2915
Trysil,24057,Valid,L/LL6,640,Fell,1927,61.3,12.3,"(61.3, 12.3)",,
Tsukuba,24059,Valid,H5-6,800,Fell,1996,36.06333,140.145,"(36.06333, 140.145)",,
Tuan Tuc,24060,Valid,L6,13100,Fell,1921,9.66667,105.66667,"(9.66667, 105.66667)",,
Tugalin-Bulen,24062,Valid,H6,10000,Fell,1967,45.46667,105.38333,"(45.46667, 105.38333)",,
Tulung Dzong,24071,Valid,Stone-uncl,,Fell,1944,30,90.75,"(30.0, 90.75)",,
Turtle Lake,47343,Valid,L5,89.3,Fell,1996,45.34583,-92.05167,"(45.34583, -92.05167)",41,864
Tuxtuac,24086,Valid,LL5,30000,Fell,1975,21.66667,-103.36667,"(21.66667, -103.36667)",,
Tysnes Island,24094,Valid,H4,19860,Fell,1884,60,5.61667,"(60.0, 5.61667)",,
Tyumen,24095,Valid,Iron,750,Fell,1903,57.16667,65.53333,"(57.16667, 65.53333)",,
Uberaba,24096,Valid,H5,40000,Fell,1903,-19.81667,-48.78333,"(-19.81667, -48.78333)",,
Ucera,24097,Valid,H5,4590,Fell,1970,11.05,-69.85,"(11.05, -69.85)",,
Uchkuduk,24098,Valid,L6,1000,Fell,1989,41.76667,62.51667,"(41.76667, 62.51667)",,
Udaipur,24099,Valid,H3,2000,Fell,1976,,,,,
Udei Station,24101,Valid,"Iron, IAB-ung",103000,Fell,1927,7.95,8.08333,"(7.95, 8.08333)",,
Uden,24103,Valid,LL7,710,Fell,1840,51.65,5.61667,"(51.65, 5.61667)",,
Udipi,24104,Valid,H5,3600,Fell,1866,13.48333,74.78333,"(13.48333, 74.78333)",,
Ufana,24106,Valid,EL6,189.2,Fell,1957,-4.26667,35.35,"(-4.26667, 35.35)",,
Ulmiz,24108,Valid,L,76.5,Fell,1926,46.93333,7.21667,"(46.93333, 7.21667)",,
Umbala,24112,Valid,LL5,100,Fell,1822,30.33333,76.33333,"(30.33333, 76.33333)",,
Umm Ruaba,24118,Valid,L5,1700,Fell,1966,13.46667,31.21667,"(13.46667, 31.21667)",,
Undulung,24121,Valid,L4,113.4,Fell,1986,66.13889,124.76667,"(66.13889, 124.76667)",,
Unkoku,24123,Valid,OC,1000,Fell,1924,34.8,127,"(34.8, 127.0)",,
Urasaki,24129,Valid,Stone-uncl,1500,Fell,1926,34.48333,133.28333,"(34.48333, 133.28333)",,
Usti Nad Orlici,24132,Valid,L6,1269,Fell,1963,49.975,16.375,"(49.975, 16.375)",,
Utrecht,24135,Valid,L6,9700,Fell,1843,52.11667,5.18333,"(52.11667, 5.18333)",,
Utzenstorf,24136,Valid,H5,3422,Fell,1928,47.11667,7.55,"(47.11667, 7.55)",,
Vago,24143,Valid,H6,40,Fell,1668,45.41667,11.13333,"(45.41667, 11.13333)",,
Valdavur,24144,Valid,H6,2799,Fell,1944,11.98333,79.75,"(11.98333, 79.75)",,
Valdinizza,24145,Valid,L6,1004,Fell,1903,44.86667,9.15,"(44.86667, 9.15)",,
Valdinoce,24146,Valid,Stone-uncl,,Fell,1495,44.06667,12.1,"(44.06667, 12.1)",,
Valera,24149,Valid,L5,50000,Fell,1972,9.31667,-70.62833,"(9.31667, -70.62833)",,
Varre-Sai,53633,Valid,L5,2500,Fell,2010,-20.85001,-41.73356,"(-20.85001, -41.73356)",,
Vavilovka,24154,Valid,LL6,1932,Fell,1876,46.15,32.83333,"(46.15, 32.83333)",,
Vengerovo,24158,Valid,H5,10800,Fell,1950,56.13333,77.26667,"(56.13333, 77.26667)",,
Veramin,24162,Valid,Mesosiderite-B2,54000,Fell,1880,35.33333,51.63333,"(35.33333, 51.63333)",,
Verkhne Tschirskaia,24165,Valid,H5,8000,Fell,1843,48.41667,43.2,"(48.41667, 43.2)",,
Vernon County,24168,Valid,H6,1500,Fell,1865,43.5,-91.16667,"(43.5, -91.16667)",41,3072
Vetluga,24169,Valid,Eucrite-mmict,750,Fell,1949,57.8,45.8,"(57.8, 45.8)",,
Vigarano,24174,Valid,CV3,15000,Fell,1910,44.85,11.4,"(44.85, 11.4)",,
Villalbeto de la Peña,24179,Valid,L6,3500,Fell,2004,42.8,-4.66667,"(42.8, -4.66667)",,
Villarrica,24181,Valid,Stone-uncl,,Fell,1925,-25.83333,-56.5,"(-25.83333, -56.5)",,
Vilna,24183,Valid,L5,0.1,Fell,1967,54.225,-111.69167,"(54.225, -111.69167)",,
Virba,24185,Valid,L6,3600,Fell,1873,43.53333,22.63333,"(43.53333, 22.63333)",,
Vishnupur,24187,Valid,LL4-6,2437,Fell,1906,23.1,87.43333,"(23.1, 87.43333)",,
Vissannapeta,24188,Valid,Eucrite-cm,1303.8,Fell,1997,16.83333,80.75,"(16.83333, 80.75)",,
Visuni,24189,Valid,H6,594,Fell,1915,25.45,70,"(25.45, 70.0)",,
Vouillé,24191,Valid,L6,20000,Fell,1831,46.63333,0.16667,"(46.63333, 0.16667)",,
Walters,24210,Valid,L6,28100,Fell,1946,34.33333,-98.3,"(34.33333, -98.3)",20,2716
Warrenton,24215,Valid,CO3.7,1600,Fell,1877,38.68333,-91.15,"(38.68333, -91.15)",18,2219
Washougal,24218,Valid,Howardite,225,Fell,1939,45.58333,-122.35,"(45.58333, -122.35)",12,2977
Werdama,47344,Valid,H5,4000,Fell,2006,32.79732,21.78713,"(32.79732, 21.78713)",,
Wessely,24244,Valid,H5,3750,Fell,1831,48.95,17.38333,"(48.95, 17.38333)",,
Weston,24249,Valid,H4,150000,Fell,1807,41.266667,-73.266667,"(41.266667, -73.266667)",24,1040
Wethersfield (1971),24250,Valid,L6,350,Fell,1971,41.7,-72.65,"(41.7, -72.65)",24,1041
Wethersfield (1982),24251,Valid,L6,2756,Fell,1982,41.71056,-72.67361,"(41.71056, -72.67361)",24,1041
Whetstone Mountains,49514,Valid,H5,2138.74,Fell,2009,31.96185,-110.434183,"(31.96185, -110.434183)",7,5
Wiluna,24281,Valid,H5,150000,Fell,1967,-26.59278,120.32833,"(-26.59278, 120.32833)",,
Witklip Farm,24321,Valid,H5,22,Fell,1918,-26,30,"(-26.0, 30.0)",,
Witsand Farm,24322,Valid,LL4,66,Fell,1932,-28.66667,18.91667,"(-28.66667, 18.91667)",,
Wittekrantz,24323,Valid,L5,2200,Fell,1880,-32.5,23,"(-32.5, 23.0)",,
Wolamo,24324,Valid,OC,166.4,Fell,1964,9,39,"(9.0, 39.0)",,
Wold Cottage,24325,Valid,L6,25000,Fell,1795,54.13667,-0.41333,"(54.13667, -0.41333)",,
Woolgorong,24334,Valid,L6,36000,Fell,1960,-27.75,115.83333,"(-27.75, 115.83333)",,
Worden,24337,Valid,L5,1551,Fell,1997,42.38467,-83.6115,"(42.38467, -83.6115)",50,366
Wuan,24340,Valid,H6,50000,Fell,1986,36.75,114.25,"(36.75, 114.25)",,
Wuzhi,24342,Valid,Stone-uncl,,Fell,1931,35.13333,113.33333,"(35.13333, 113.33333)",,
Xi Ujimgin,24345,Valid,L/LL6-an,5900,Fell,1980,44.66667,117.5,"(44.66667, 117.5)",,
Xingyang,24346,Valid,H6,75500,Fell,1977,32.33333,114.31667,"(32.33333, 114.31667)",,
Yafa,24351,Valid,H5,5700,Fell,2000,13.71111,45.17,"(13.71111, 45.17)",,
Yambo,30345,Valid,H5,4,Fell,1951,1,22.5,"(1.0, 22.5)",,
Yangchiang,30348,Valid,H5,20000,Fell,1954,21.83333,111.83333,"(21.83333, 111.83333)",,
Yanzhuang,30350,Valid,H6,3500,Fell,1990,24.56667,114.16667,"(24.56667, 114.16667)",,
Yardymly,30352,Valid,"Iron, IAB complex",150200,Fell,1959,38.93333,48.25,"(38.93333, 48.25)",,
Yatoor,30358,Valid,H5,13600,Fell,1852,14.3,79.76667,"(14.3, 79.76667)",,
Yonozu,30366,Valid,H4/5,31650,Fell,1837,37.75,139,"(37.75, 139.0)",,
Yorktown (New York),30370,Valid,L5,250,Fell,1869,41.28333,-73.81667,"(41.28333, -73.81667)",47,2185
Yoshiki,30372,Valid,Stone-uncl,0.1,Fell,1928,34.16667,131.45,"(34.16667, 131.45)",,
Yukan,30377,Valid,LL6,4800,Fell,1931,28.71667,116.61667,"(28.71667, 116.61667)",,
Yurtuk,30378,Valid,Howardite,1472,Fell,1936,47.31667,35.36667,"(47.31667, 35.36667)",,
Zaborzika,30379,Valid,L6,3867,Fell,1818,50.28333,27.68333,"(50.28333, 27.68333)",,
Zabrodje,30380,Valid,L6,3000,Fell,1893,55.18333,27.91667,"(55.18333, 27.91667)",,
Zag,30384,Valid,H3-6,175000,Fell,1998,27.33333,-9.33333,"(27.33333, -9.33333)",,
Zagami,30386,Valid,Martian (shergottite),18000,Fell,1962,11.73333,7.08333,"(11.73333, 7.08333)",,
Zaisan,30388,Valid,H5,463,Fell,1963,47.5,83,"(47.5, 83.0)",,
Zaisho,30389,Valid,"Pallasite, PMG-an",330,Fell,1898,33.7,133.8,"(33.7, 133.8)",,
Zaoyang,30391,Valid,H5,14250,Fell,1984,32.3,112.75,"(32.3, 112.75)",,
Zavetnoe,30395,Valid,L6,800,Fell,1952,47.13333,43.9,"(47.13333, 43.9)",,
Zavid,30396,Valid,L6,95000,Fell,1897,44.4,19.11667,"(44.4, 19.11667)",,
Zebrak,30397,Valid,H5,2000,Fell,1824,49.88333,13.91667,"(49.88333, 13.91667)",,
Zemaitkiemis,30399,Valid,L6,44100,Fell,1933,55.3,25,"(55.3, 25.0)",,
Zhaodong,30404,Valid,L4,42000,Fell,1984,45.81667,125.91667,"(45.81667, 125.91667)",,
Zhovtnevyi,30407,Valid,H6,107000,Fell,1938,47.58333,37.25,"(47.58333, 37.25)",,
Zhuanghe,30408,Valid,H5,2900,Fell,1976,39.66667,122.98333,"(39.66667, 122.98333)",,
Zmenj,30411,Valid,Howardite,246,Fell,1858,51.83333,26.83333,"(51.83333, 26.83333)",,
Zomba,30412,Valid,L6,7500,Fell,1899,-15.18333,35.28333,"(-15.18333, 35.28333)",,
Zsadany,30413,Valid,H5,552,Fell,1875,46.93333,21.5,"(46.93333, 21.5)",,
Zvonkov,30415,Valid,H6,2568,Fell,1955,50.2,30.25,"(50.2, 30.25)",,
Abajo,4,Valid,H5,331,Found,1982,26.8,-105.41667,"(26.8, -105.41667)",,
Abar al' Uj 001,51399,Valid,H3.8,194.34,Found,2008,22.72192,48.95937,"(22.72192, 48.95937)",,
Abbott,5,Valid,H3-6,21100,Found,1951,36.3,-104.28333,"(36.3, -104.28333)",11,2537
Abernathy,7,Valid,L6,2914,Found,1941,33.85,-101.8,"(33.85, -101.8)",23,751
Abo,8,Valid,H,1.2,Found,1840,60.43333,22.3,"(60.43333, 22.3)",,
Abu Moharek,9,Valid,H4,4500,Found,1997,27.23944,29.83583,"(27.23944, 29.83583)",,