appointment_id,appointment_day,customer_first_name,customer_last_name,customer_email,customer_phone,vehicle_make,vehicle_model,appointment_type,appointment_time
1,Monday,Nata,Mattessen,nmattessen0@census.gov,212-668-4396,Ford,EXP,license_renewal,1:30 PM
2,,Rafi,O'Carney,rocarney1@squarespace.com,156-335-1795,Mazda,B-Series Plus,tag_renewal,
3,Tuesday,Franzen,Barkas,fbarkas2@state.gov,266-609-7611,Mercedes-Benz,G-Class,tag_renewal,10:00 AM
4,Thursday,Thaxter,Olivella,tolivella3@dailymotion.com,420-536-0049,Lexus,RX,tag_renewal,3:00 PM
5,Monday,Cazzie,Brockett,cbrockett4@tumblr.com,819-831-0794,Ford,E-Series,tag_renewal,
6,Monday,Bert,Haveline,bhaveline5@sitemeter.com,357-498-0047,Acura,Integra,tag_renewal,
7,Tuesday,Fidelity,Coult,fcoult6@mediafire.com,155-216-9267,Dodge,Dakota,tag_renewal,
8,,Dina,Ossipenko,dossipenko7@people.com.cn,677-662-5972,Suzuki,Daewoo Lacetti,license_renewal,
9,Friday,Elsa,Garstan,egarstan8@google.es,866-799-0498,Mitsubishi,Starion,tag_renewal,11:00 AM
10,Wednesday,Rex,Cush,rcush9@ask.com,249-745-5730,Toyota,Tacoma,license_renewal,12:00 PM
11,Friday,Blake,Crowd,bcrowda@si.edu,936-142-2102,Mercedes-Benz,M-Class,license_renewal,12:30 PM
12,,Archer,Whiting,awhitingb@diigo.com,310-310-6621,Honda,Passport,license_renewal,2:00 PM
13,,Curtice,Havelin,chavelinc@homestead.com,337-646-7956,Ford,Thunderbird,license_renewal,8:00 AM
14,Thursday,Lamar,Branchet,lbranchetd@seesaa.net,679-348-5118,Lexus,GS,license_renewal,8:00 AM
15,Friday,Inness,Copley,icopleye@4shared.com,169-628-2966,Lincoln,Continental,license_renewal,
16,Friday,Lemmie,McCourt,lmccourtf@ameblo.jp,258-756-9720,Lexus,SC,tag_renewal,
17,Thursday,Peggy,Iscowitz,piscowitzg@cnet.com,971-365-7545,BMW,M6,tag_renewal,9:00 AM
18,,Trenton,Northridge,tnorthridgeh@gizmodo.com,822-272-1445,Maserati,GranTurismo,license_renewal,
19,,Daile,McMylor,dmcmylori@surveymonkey.com,332-362-6549,Toyota,Previa,license_renewal,9:30 AM
20,,Leontyne,Inglis,linglisj@pen.io,185-267-8162,GMC,Savana 1500,tag_renewal,8:00 AM
21,Thursday,Filmer,Sprigings,fsprigingsk@europa.eu,472-615-4319,Buick,Regal,tag_renewal,2:00 PM
22,Friday,Daffy,Everiss,deverissl@homestead.com,592-484-5719,Mazda,Mazdaspeed6,tag_renewal,9:00 AM
23,,Marietta,Rooksby,mrooksbym@discovery.com,408-704-9642,GMC,Sonoma,license_renewal,
24,Thursday,Dermot,Gendrich,dgendrichn@sourceforge.net,329-570-9595,BMW,Z4,tag_renewal,8:00 AM
25,,Garner,Gillino,ggillinoo@rakuten.co.jp,772-740-3853,BMW,X6 M,tag_renewal,
26,,Artemus,Stolberg,astolbergp@nationalgeographic.com,725-212-5068,Honda,Accord,tag_renewal,
27,,Andrus,Vakhonin,avakhoninq@amazon.co.uk,117-541-8315,Ford,F350,tag_renewal,
28,,Hansiain,Stritton,hstrittonr@elpais.com,227-151-4647,Chrysler,300,tag_renewal,
29,,Sabine,Hawsby,shawsbys@topsy.com,233-395-7490,Oldsmobile,Bravada,license_renewal,1:30 PM
30,Tuesday,Elicia,Lanchberry,elanchberryt@ustream.tv,622-972-7043,Volkswagen,Fox,license_renewal,10:30 AM
31,Thursday,Ruthy,Dearnly,rdearnlyu@parallels.com,266-102-7542,Kia,Rio,license_renewal,2:00 PM
32,,Frazer,Weatherhogg,fweatherhoggv@infoseek.co.jp,760-391-3570,Lincoln,Continental,license_renewal,
33,,Judah,Burwin,jburwinw@cnet.com,636-704-5887,Volkswagen,Jetta,license_renewal,12:30 PM
34,Tuesday,Jean,Jellicorse,jjellicorsex@globo.com,293-282-1610,Infiniti,I,license_renewal,2:00 PM
35,,Orion,Lingwood,olingwoody@spotify.com,526-274-4605,Mercedes-Benz,S-Class,tag_renewal,
36,,Brianne,Wooffitt,bwooffittz@nhs.uk,230-895-9054,Nissan,Datsun/Nissan Z-car,license_renewal,9:00 AM
37,Tuesday,Carlos,Kort,ckort10@oaic.gov.au,926-572-2844,Buick,Skyhawk,license_renewal,10:30 AM
38,Wednesday,Henderson,Markus,hmarkus11@umn.edu,584-745-4037,Suzuki,Equator,tag_renewal,8:00 AM
39,Thursday,Randy,Joyner,rjoyner12@google.fr,422-804-0093,Ford,F-Series,tag_renewal,
40,Thursday,Juditha,Catchpole,jcatchpole13@feedburner.com,521-392-3830,Mazda,Mazda6,tag_renewal,1:30 PM
41,,Lucais,Skeete,lskeete14@youtube.com,492-209-6888,Chevrolet,K5 Blazer,license_renewal,11:00 AM
42,Wednesday,Karmen,Gillum,kgillum15@google.co.uk,671-389-2474,Aston Martin,DBS,tag_renewal,
43,,Haleigh,Danher,hdanher16@virginia.edu,274-701-0642,Nissan,Xterra,tag_renewal,
44,,Carey,Glenton,cglenton17@quantcast.com,999-904-3068,Bentley,Continental Flying Spur,license_renewal,2:30 PM
45,Thursday,Brice,Keble,bkeble18@blogtalkradio.com,132-138-4917,Lotus,Esprit,tag_renewal,11:30 AM
46,Thursday,Trix,Stonehouse,tstonehouse19@msu.edu,486-526-0171,Volvo,C70,license_renewal,12:30 PM
47,Wednesday,Hephzibah,Maddrah,hmaddrah1a@loc.gov,582-447-0722,Toyota,RAV4,tag_renewal,9:00 AM
48,,Nichole,Wetwood,nwetwood1b@t.co,304-755-0331,Mazda,MX-5,tag_renewal,
49,,Emmye,Dobel,edobel1c@yelp.com,850-455-1840,Dodge,Intrepid,license_renewal,
50,Wednesday,Bria,Creggan,bcreggan1d@jigsy.com,347-428-8316,Acura,RSX,tag_renewal,
51,,Andeee,Rosenauer,arosenauer1e@wsj.com,950-321-2479,Chevrolet,Corsica,tag_renewal,
52,,Shirline,Cuddon,scuddon1f@vkontakte.ru,813-499-9581,Pontiac,Daewoo Kalos,tag_renewal,9:00 AM
53,Friday,Gerda,Culley,gculley1g@spotify.com,423-796-3758,Audi,S4,license_renewal,1:30 PM
54,,Binky,Jerche,bjerche1h@zdnet.com,514-214-3230,Acura,NSX,license_renewal,
55,,Padraig,Doubrava,pdoubrava1i@toplist.cz,839-167-6833,Cadillac,Escalade EXT,license_renewal,12:30 PM
56,Wednesday,Shermy,Shermar,sshermar1j@scientificamerican.com,284-601-2224,Bentley,Continental GTC,tag_renewal,2:30 PM
57,Wednesday,Nichole,McWhannel,nmcwhannel1k@amazon.co.jp,762-489-9791,Toyota,T100,license_renewal,1:30 PM
58,Friday,Abra,Sabates,asabates1l@buzzfeed.com,109-592-3764,Dodge,Durango,license_renewal,
59,,Haywood,Bullen,hbullen1m@sciencedaily.com,552-651-4929,Chrysler,PT Cruiser,tag_renewal,8:30 AM
60,Friday,Jocelyne,Margerison,jmargerison1n@va.gov,472-864-0465,Mitsubishi,Galant,license_renewal,9:00 AM
61,Friday,Alvin,Buttriss,abuttriss1o@jiathis.com,688-991-8971,Pontiac,LeMans,tag_renewal,
62,,Jacquelynn,Duncklee,jduncklee1p@flavors.me,551-172-6736,Subaru,Forester,tag_renewal,9:00 AM
63,Monday,Arin,Mohun,amohun1q@diigo.com,541-661-7593,GMC,Savana 1500,tag_renewal,
64,,Alexandros,Mueller,amueller1r@bing.com,846-230-9034,Lamborghini,Gallardo,license_renewal,
65,Wednesday,Edith,McAloren,emcaloren1s@hexun.com,416-303-4843,Spyker,C8,tag_renewal,
66,Wednesday,Matilde,Grewes,mgrewes1t@comcast.net,760-479-2088,Subaru,BRZ,license_renewal,
67,,Alessandra,Chichgar,achichgar1u@1und1.de,553-537-1478,Chevrolet,Express,license_renewal,11:30 AM
68,,Brier,Twaite,btwaite1v@patch.com,772-323-0210,Ford,F150,license_renewal,
69,,Sal,Pfeuffer,spfeuffer1w@wiley.com,990-785-5976,Jaguar,S-Type,license_renewal,
70,,Merilyn,Crassweller,mcrassweller1x@hexun.com,610-293-0806,Buick,Somerset,tag_renewal,
71,Tuesday,Aluino,Minifie,aminifie1y@marketwatch.com,163-808-1621,Chevrolet,Malibu,license_renewal,9:30 AM
72,,Alidia,Gwin,agwin1z@icq.com,331-298-1295,Porsche,Boxster,license_renewal,
73,Wednesday,Blanca,Greenhall,bgreenhall20@purevolume.com,470-208-7468,Toyota,Corolla,license_renewal,12:30 PM
74,Friday,Laraine,Chaffin,lchaffin21@linkedin.com,946-777-2654,Ram,1500,license_renewal,
75,Thursday,Anthiathia,Idwal Evans,aidwalevans22@constantcontact.com,115-942-1934,Ford,Edge,license_renewal,1:30 PM
76,,Grenville,McKean,gmckean23@tumblr.com,768-530-6298,Kia,Mentor,tag_renewal,
77,Wednesday,Fidel,Bente,fbente24@wsj.com,667-777-6151,Toyota,Xtra,license_renewal,
78,,Zolly,Marklin,zmarklin25@rediff.com,453-420-1632,Hyundai,Sonata,license_renewal,
79,Tuesday,Ellette,O'Mannion,eomannion26@theglobeandmail.com,532-520-7000,Land Rover,Range Rover,license_renewal,9:30 AM
80,,Emalee,Frostdick,efrostdick27@shinystat.com,871-725-8831,Hyundai,Elantra,license_renewal,8:30 AM
81,Tuesday,Elmore,Pybus,epybus28@wsj.com,210-320-3012,Volkswagen,Jetta,tag_renewal,
82,Friday,Jarrad,Golborn,jgolborn29@archive.org,989-765-6246,Jeep,Grand Cherokee,license_renewal,
83,Wednesday,Anatola,De Blasi,adeblasi2a@hubpages.com,101-844-7817,Toyota,Land Cruiser,license_renewal,
84,Thursday,Kinnie,Howkins,khowkins2b@jalbum.net,111-454-0276,Mitsubishi,Truck,license_renewal,3:00 PM
85,,Yettie,Jackways,yjackways2c@wufoo.com,774-598-3454,BMW,7 Series,license_renewal,
86,Wednesday,Willdon,Stonhard,wstonhard2d@mail.ru,477-340-7232,Suzuki,Grand Vitara,tag_renewal,9:30 AM
87,Tuesday,Trina,Sealy,tsealy2e@creativecommons.org,193-758-6459,Chevrolet,G-Series G30,tag_renewal,1:00 PM
88,Tuesday,Rey,Bartolomieu,rbartolomieu2f@360.cn,604-225-6308,Bentley,Azure,license_renewal,12:30 PM
89,Tuesday,Zita,Purton,zpurton2g@hp.com,472-851-3801,Suzuki,Reno,license_renewal,9:00 AM
90,,Niall,Duthie,nduthie2h@yahoo.com,846-322-3373,Dodge,Dakota,tag_renewal,10:30 AM
91,,Calvin,Thacker,cthacker2i@cafepress.com,146-534-7037,Honda,Insight,license_renewal,
92,Monday,Crista,Creed,ccreed2j@mit.edu,617-496-8664,Dodge,Ram Van 1500,tag_renewal,
93,Monday,Saba,Younghusband,syounghusband2k@prweb.com,991-413-7116,Land Rover,Defender 90,tag_renewal,
94,,Tandie,Matevushev,tmatevushev2l@1688.com,356-259-8974,Toyota,Sienna,tag_renewal,1:30 PM
95,Tuesday,Feliza,Trevna,ftrevna2m@blogtalkradio.com,298-105-2062,Volvo,S40,license_renewal,11:00 AM
96,,Josephine,Byron,jbyron2n@ocn.ne.jp,488-667-9318,Rolls-Royce,Ghost,license_renewal,2:30 PM
97,,Darcie,O'Clery,doclery2o@soundcloud.com,231-301-4527,GMC,Yukon XL 2500,tag_renewal,
98,,Maryellen,Mossom,mmossom2p@myspace.com,880-108-6011,Ford,Explorer,tag_renewal,
99,,Yuma,Dober,ydober2q@sfgate.com,748-525-8197,Volkswagen,GTI,license_renewal,
100,,Mandel,Dabnor,mdabnor2r@networkadvertising.org,641-542-6826,Isuzu,Space,tag_renewal,12:30 PM
101,,Gregorius,Mumbray,gmumbray2s@baidu.com,677-252-8858,Chevrolet,Corvette,tag_renewal,9:00 AM
102,Monday,Tybalt,Antosch,tantosch2t@ibm.com,962-489-0518,Dodge,Caravan,license_renewal,10:00 AM
103,,Rania,Windous,rwindous2u@chicagotribune.com,225-466-8304,Chevrolet,Caprice,license_renewal,
104,,Nicoline,Bustard,nbustard2v@blogspot.com,436-316-4843,Lexus,RX,tag_renewal,
105,Tuesday,Sandy,Dosdill,sdosdill2w@buzzfeed.com,203-183-2968,Honda,CR-V,license_renewal,9:00 AM
106,,Donelle,Dyne,ddyne2x@parallels.com,492-606-6448,BMW,M5,tag_renewal,12:30 PM
107,,Frasier,Garn,fgarn2y@last.fm,864-216-4553,Chevrolet,Corvette,tag_renewal,12:00 PM
108,,Marjie,Hawker,mhawker2z@yellowpages.com,307-946-3979,Honda,Odyssey,license_renewal,12:00 PM
109,,Tristan,Legier,tlegier30@google.co.jp,214-311-7711,Volkswagen,Passat,tag_renewal,2:30 PM
110,Thursday,Gerri,Doherty,gdoherty31@mac.com,905-665-4055,Pontiac,Fiero,tag_renewal,
111,,Karlene,Perryman,kperryman32@gravatar.com,978-353-5996,Ford,Expedition,tag_renewal,11:30 AM
112,Friday,Jewel,Tunmore,jtunmore33@latimes.com,795-218-4983,Lexus,LS,license_renewal,10:30 AM
113,Thursday,Gardie,Gridon,ggridon34@harvard.edu,107-844-2766,Pontiac,Montana,license_renewal,12:30 PM
114,,Sibbie,Foster-Smith,sfostersmith35@diigo.com,580-240-7432,Dodge,Spirit,tag_renewal,
115,,Konrad,Gradwell,kgradwell36@nsw.gov.au,747-982-8226,Volvo,C70,tag_renewal,
116,Monday,Milissent,McLelland,mmclelland37@furl.net,709-339-6448,Toyota,Prius,license_renewal,
117,Thursday,Lu,Fishleigh,lfishleigh38@tmall.com,822-694-9150,Nissan,Altima,tag_renewal,2:00 PM
118,Wednesday,Shandy,Compford,scompford39@disqus.com,261-454-5290,Lexus,IS,tag_renewal,9:00 AM
119,,Creigh,Bramham,cbramham3a@ning.com,623-420-3650,Dodge,Charger,tag_renewal,8:00 AM
120,Monday,Krisha,Millhill,kmillhill3b@privacy.gov.au,626-765-8298,Volvo,S60,tag_renewal,
121,Tuesday,Jayme,Circuitt,jcircuitt3c@youku.com,919-375-2825,Ford,Mustang,license_renewal,
122,Monday,Candide,Faint,cfaint3d@sun.com,191-843-6934,Volkswagen,New Beetle,license_renewal,
123,Tuesday,Ajay,Denington,adenington3e@com.com,390-458-9670,Mercedes-Benz,E-Class,tag_renewal,10:00 AM
124,Monday,Walton,Dmitr,wdmitr3f@oakley.com,891-737-3190,Saab,9-5,license_renewal,
125,Friday,Dew,Burehill,dburehill3g@google.cn,203-521-7847,Mercedes-Benz,SLR McLaren,tag_renewal,
126,Tuesday,Glynda,Stean,gstean3h@berkeley.edu,976-158-8203,Dodge,Caliber,license_renewal,10:00 AM
127,,Lenard,Iwanczyk,liwanczyk3i@admin.ch,840-887-1162,Honda,Pilot,tag_renewal,
128,Friday,Isak,Hanalan,ihanalan3j@hc360.com,411-177-8114,Toyota,Paseo,license_renewal,
129,Friday,Nerta,Haggie,nhaggie3k@cbsnews.com,735-341-0266,Audi,4000CS Quattro,license_renewal,10:30 AM
130,Tuesday,Jemima,Tinham,jtinham3l@mozilla.com,512-783-5991,Volkswagen,GTI,tag_renewal,12:30 PM
131,Wednesday,Kassie,Enston,kenston3m@google.it,781-945-6050,Mitsubishi,Galant,license_renewal,
132,Thursday,Rivkah,Attenburrow,rattenburrow3n@ed.gov,332-434-6687,Hyundai,Elantra,license_renewal,9:30 AM
133,,Shannan,Sellwood,ssellwood3o@privacy.gov.au,700-627-1890,Pontiac,Aztek,license_renewal,
134,,Patric,Vitte,pvitte3p@biblegateway.com,221-757-4082,Ford,Econoline E350,tag_renewal,
135,Tuesday,Lewes,Ewbanks,lewbanks3q@joomla.org,976-425-7939,Hyundai,Sonata,license_renewal,
136,Monday,Bucky,Pilbury,bpilbury3r@qq.com,810-958-1608,Mazda,Mazda5,license_renewal,9:30 AM
137,Tuesday,Nedi,Maroney,nmaroney3s@behance.net,780-929-9839,Mercury,Villager,tag_renewal,12:00 PM
138,Thursday,Rem,Addison,raddison3t@delicious.com,909-748-2793,Kia,Sephia,license_renewal,
139,Monday,Lavena,Spear,lspear3u@constantcontact.com,873-635-5337,Dodge,Ram 3500,tag_renewal,
140,,Germain,Woolliams,gwoolliams3v@bluehost.com,331-386-4114,Nissan,Quest,license_renewal,
141,Thursday,Darnall,Devo,ddevo3w@imdb.com,833-188-2708,Toyota,4Runner,tag_renewal,
142,Thursday,Alberik,Robjohns,arobjohns3x@wikia.com,550-163-7505,Chrysler,Imperial,tag_renewal,
143,Wednesday,Colas,Torrecilla,ctorrecilla3y@blogger.com,767-326-0993,Hyundai,Santa Fe,license_renewal,
144,Thursday,Florida,Tomanek,ftomanek3z@mapy.cz,648-378-3552,Chrysler,Cirrus,tag_renewal,3:00 PM
145,Monday,Antonetta,Cullinan,acullinan40@myspace.com,634-340-9030,Mercury,Lynx,tag_renewal,2:00 PM
146,,Clay,Lampens,clampens41@who.int,555-616-1044,Lincoln,Continental Mark VII,license_renewal,
147,,Brooks,Borthram,bborthram42@nationalgeographic.com,602-126-1838,Nissan,Xterra,tag_renewal,12:00 PM
148,,Randall,Alvarado,ralvarado43@whitehouse.gov,934-907-5275,Cadillac,XLR,license_renewal,
149,,Abigael,Naire,anaire44@github.io,812-560-1697,GMC,Vandura 2500,tag_renewal,
150,,Mia,Brolechan,mbrolechan45@ucoz.ru,628-732-6173,Mitsubishi,Pajero,tag_renewal,2:30 PM
151,,Yul,Kloska,ykloska46@ox.ac.uk,725-101-6247,BMW,745,tag_renewal,12:00 PM
152,Tuesday,Eada,Manford,emanford47@sitemeter.com,882-193-7057,Peugeot,207,license_renewal,12:30 PM
153,,Lorant,Ferrarello,lferrarello48@ca.gov,442-691-4981,Chevrolet,G-Series G30,license_renewal,9:00 AM
154,,Carmina,Oddy,coddy49@usnews.com,932-702-2332,Nissan,Maxima,tag_renewal,3:00 PM
155,Tuesday,Jerri,Wink,jwink4a@biblegateway.com,972-249-0222,Chevrolet,Express 3500,tag_renewal,
156,Monday,Shepherd,Pietzner,spietzner4b@facebook.com,552-999-9732,Nissan,350Z,license_renewal,2:00 PM
157,Thursday,Lanie,Wightman,lwightman4c@tuttocitta.it,992-906-0724,Acura,RL,license_renewal,9:30 AM
158,Wednesday,Ashly,Larsen,alarsen4d@intel.com,849-570-6987,Oldsmobile,Bravada,license_renewal,
159,Wednesday,Othella,Ouldcott,oouldcott4e@twitter.com,482-336-2824,Ford,Econoline E250,tag_renewal,9:00 AM
160,Friday,Luigi,Goundsy,lgoundsy4f@hexun.com,234-597-8073,Ford,Th!nk,tag_renewal,
161,,Carl,Mosby,cmosby4g@samsung.com,585-934-6820,Toyota,RAV4,tag_renewal,8:30 AM
162,,Frannie,Seeks,fseeks4h@rambler.ru,254-942-0205,Ford,E-Series,tag_renewal,8:30 AM
163,Monday,Nari,Sturman,nsturman4i@meetup.com,718-146-0105,Audi,RS4,tag_renewal,10:30 AM
164,Tuesday,Gale,Bezzant,gbezzant4j@admin.ch,477-702-5752,Mazda,Mazda5,tag_renewal,
165,,Elyse,Connealy,econnealy4k@bravesites.com,384-224-7844,Alfa Romeo,164,tag_renewal,9:30 AM
166,,Kate,Sturgis,ksturgis4l@fda.gov,528-950-6032,Ford,C-MAX Hybrid,tag_renewal,11:30 AM
167,,Lesya,Brogi,lbrogi4m@free.fr,265-165-5393,Mercury,Sable,license_renewal,
168,,Tabina,Beadel,tbeadel4n@ucla.edu,562-452-2211,Ford,F350,license_renewal,1:30 PM
169,,Wynny,Roden,wroden4o@answers.com,348-869-6615,Nissan,Quest,license_renewal,8:30 AM
170,Monday,Gaspard,Porritt,gporritt4p@paypal.com,623-451-9121,Ford,Five Hundred,tag_renewal,11:00 AM
171,,Darcie,Hedge,dhedge4q@chronoengine.com,890-395-6017,Chevrolet,Silverado 1500,license_renewal,1:00 PM
172,,Kele,Jersch,kjersch4r@ask.com,733-566-2778,Hyundai,Sonata,license_renewal,1:30 PM
173,,Morey,Toulmin,mtoulmin4s@google.com.au,502-634-4801,Mazda,Tribute,license_renewal,2:30 PM
174,Monday,Melisande,Olivey,molivey4t@nyu.edu,636-490-8943,Toyota,Tacoma Xtra,license_renewal,
175,Wednesday,Alair,Butrimovich,abutrimovich4u@state.tx.us,811-134-5686,Mazda,MPV,tag_renewal,
176,,Osborn,Checcuzzi,ocheccuzzi4v@histats.com,539-545-0377,Infiniti,I,tag_renewal,1:00 PM
177,,Matthieu,De Giorgis,mdegiorgis4w@hexun.com,736-621-9608,Mazda,Mazda3,license_renewal,
178,,Irvin,Suddards,isuddards4x@japanpost.jp,277-821-0901,Pontiac,Grand Prix,tag_renewal,9:30 AM
179,,Viviene,Revill,vrevill4y@buzzfeed.com,986-773-3113,Plymouth,Colt Vista,tag_renewal,10:30 AM
180,Monday,Gerri,D'Aeth,gdaeth4z@wikipedia.org,260-585-4438,Lincoln,MKX,license_renewal,1:00 PM
181,,Harriet,Kowalik,hkowalik50@clickbank.net,295-801-1082,Dodge,Charger,tag_renewal,9:30 AM
182,Wednesday,Sheba,Caldecourt,scaldecourt51@economist.com,207-975-6724,Lincoln,Mark VII,tag_renewal,12:00 PM
183,,Axe,Hast,ahast52@fema.gov,843-993-5448,Buick,Century,license_renewal,
184,Thursday,Minny,Stoggell,mstoggell53@dmoz.org,403-359-3924,Chevrolet,G-Series G10,license_renewal,
185,Monday,Leisha,Tedstone,ltedstone54@barnesandnoble.com,500-360-0712,Chevrolet,Silverado 3500,tag_renewal,
186,,Fiorenze,Whittier,fwhittier55@1und1.de,525-920-5350,Mazda,Miata MX-5,license_renewal,
187,,Colene,Croux,ccroux56@51.la,710-359-1367,Jeep,Wrangler,tag_renewal,
188,Tuesday,Sibyl,Tosh,stosh57@ed.gov,556-147-1292,Lincoln,MKX,tag_renewal,12:00 PM
189,Tuesday,Efren,Petracchi,epetracchi58@diigo.com,643-332-0999,Pontiac,GTO,license_renewal,
190,Thursday,Josee,Sey,jsey59@apache.org,107-745-3929,Nissan,Pathfinder,license_renewal,
191,Wednesday,Torrence,MacLardie,tmaclardie5a@jugem.jp,103-195-5914,Dodge,Ramcharger,license_renewal,
192,,Marty,Jellicorse,mjellicorse5b@trellian.com,519-915-0859,Jeep,Wrangler,tag_renewal,
193,Thursday,Danice,Blacklidge,dblacklidge5c@virginia.edu,667-228-5723,Audi,A6,tag_renewal,
194,,Darnell,Tredger,dtredger5d@booking.com,962-627-9050,Ferrari,458 Italia,tag_renewal,
195,,Jaclin,Reay,jreay5e@mysql.com,894-912-0847,Dodge,Ram Van 2500,tag_renewal,
196,Friday,York,Shury,yshury5f@ow.ly,715-778-7407,Bentley,Continental GT,tag_renewal,
197,,Jsandye,Ferebee,jferebee5g@liveinternet.ru,802-711-7558,Chevrolet,Cavalier,tag_renewal,
198,,Giacobo,Garrit,ggarrit5h@hubpages.com,387-715-1025,GMC,Yukon XL 1500,tag_renewal,12:00 PM
199,,Darby,Sail,dsail5i@google.com.au,147-152-7775,Nissan,NV2500,license_renewal,2:00 PM
200,Thursday,Patrizia,Lammertz,plammertz5j@dedecms.com,450-499-1222,Dodge,D350,license_renewal,2:30 PM
201,Friday,Denny,Sancias,dsancias5k@blinklist.com,777-581-4121,Plymouth,Acclaim,tag_renewal,
202,Thursday,Bernette,Mead,bmead5l@jugem.jp,797-880-6294,Nissan,Murano,tag_renewal,11:30 AM
203,Monday,Reginauld,Helbeck,rhelbeck5m@skype.com,673-941-6247,Volkswagen,Passat,tag_renewal,
204,Thursday,Stephan,Pletts,spletts5n@google.it,638-252-8632,Mercedes-Benz,600SEC,tag_renewal,1:30 PM
205,Tuesday,Merridie,Lindores,mlindores5o@adobe.com,594-373-4183,Land Rover,Discovery,license_renewal,1:00 PM
206,,Wilfrid,Dignall,wdignall5p@unicef.org,222-388-3169,Toyota,Celica,tag_renewal,12:00 PM
207,Monday,Stefan,Bickle,sbickle5q@comsenz.com,761-344-1027,Porsche,911,license_renewal,
208,,Thornie,Fowley,tfowley5r@google.it,931-674-6564,Mitsubishi,Eclipse,license_renewal,12:30 PM
209,Tuesday,Muire,Peasegod,mpeasegod5s@webnode.com,278-388-6408,Mazda,Protege,license_renewal,
210,Thursday,Lynne,Scough,lscough5t@reverbnation.com,904-210-2307,Suzuki,SJ,tag_renewal,9:30 AM
211,,Cristian,Lill,clill5u@dedecms.com,185-777-9998,Mercury,Mountaineer,license_renewal,
212,Wednesday,Caresse,Varty,cvarty5v@senate.gov,594-194-3072,Lexus,ES,license_renewal,
213,,Robby,Kilban,rkilban5w@vkontakte.ru,211-263-3433,Honda,Ridgeline,tag_renewal,
214,,Stanislaus,Gregore,sgregore5x@wisc.edu,611-788-4103,Acura,MDX,tag_renewal,9:30 AM
215,,Ashlan,Riccelli,ariccelli5y@ebay.co.uk,244-815-6119,Lincoln,Town Car,tag_renewal,12:00 PM
216,,Melisa,Petranek,mpetranek5z@jimdo.com,888-122-1934,Isuzu,VehiCROSS,tag_renewal,1:30 PM
217,Friday,Johannes,Croney,jcroney60@theglobeandmail.com,661-712-7445,Ferrari,F430,tag_renewal,8:00 AM
218,Friday,Emmi,Furnival,efurnival61@army.mil,650-504-1695,Pontiac,LeMans,tag_renewal,9:00 AM
219,,Marsiella,McKinstry,mmckinstry62@unc.edu,170-759-0913,Mazda,B-Series,tag_renewal,10:30 AM
220,Monday,Glenn,Bachs,gbachs63@si.edu,910-916-2913,Hyundai,Azera,license_renewal,
221,Wednesday,Marie,Rudolfer,mrudolfer64@google.com.hk,267-646-8961,Mitsubishi,Cordia,tag_renewal,
222,,Isis,Burmaster,iburmaster65@narod.ru,474-641-8152,Mazda,RX-7,license_renewal,
223,,Eddi,Dempster,edempster66@gov.uk,168-134-9938,Hyundai,Accent,license_renewal,
224,Wednesday,Dix,De Hailes,ddehailes67@altervista.org,932-416-0541,Honda,CR-V,tag_renewal,
225,Tuesday,Alastair,Nairns,anairns68@wsj.com,705-847-3515,Chrysler,200,license_renewal,
226,Wednesday,Antonius,Tousey,atousey69@va.gov,144-178-0347,Kia,Mentor,license_renewal,9:30 AM
227,,Edie,Gerg,egerg6a@miibeian.gov.cn,150-332-4005,Volvo,XC70,tag_renewal,
228,,Raoul,Wildman,rwildman6b@hhs.gov,183-101-3825,Lamborghini,Gallardo,tag_renewal,2:30 PM
229,Monday,Adorne,Cammish,acammish6c@cdc.gov,448-239-9798,Volkswagen,GTI,license_renewal,2:00 PM
230,,Philipa,Perel,pperel6d@zdnet.com,948-112-6683,Subaru,Leone,tag_renewal,9:30 AM
231,,Wit,Winspeare,wwinspeare6e@typepad.com,562-458-1512,Chevrolet,Tahoe,license_renewal,2:30 PM
232,Wednesday,Kaela,Curtin,kcurtin6f@comcast.net,664-415-1420,Buick,Park Avenue,tag_renewal,1:30 PM
233,,Mella,Fetter,mfetter6g@blogs.com,167-432-2344,Ford,Focus,tag_renewal,8:30 AM
234,,Gunilla,MacCrann,gmaccrann6h@cnn.com,967-856-2844,Kia,Forte,license_renewal,9:00 AM
235,,Levi,Atkyns,latkyns6i@nsw.gov.au,607-324-3999,Pontiac,Vibe,license_renewal,
236,Tuesday,Davidson,Clacey,dclacey6j@ca.gov,705-662-9021,Ford,Bronco,license_renewal,2:00 PM
237,,Lettie,Whetland,lwhetland6k@gizmodo.com,975-691-8564,Infiniti,I,license_renewal,1:00 PM
238,Tuesday,Heath,Rantoull,hrantoull6l@yellowbook.com,188-615-4860,Lexus,GS,license_renewal,2:00 PM
239,,Aundrea,Noquet,anoquet6m@who.int,242-895-7355,Volkswagen,Golf III,license_renewal,
240,Friday,Benton,Benzing,bbenzing6n@theatlantic.com,312-469-2229,Volvo,S60,tag_renewal,12:00 PM
241,Tuesday,Nomi,Sturzaker,nsturzaker6o@nytimes.com,534-792-2669,Dodge,Grand Caravan,tag_renewal,
242,Thursday,Valentia,Duligall,vduligall6p@buzzfeed.com,517-139-8007,Bentley,Continental GT,tag_renewal,10:30 AM
243,,Maridel,Rouge,mrouge6q@free.fr,666-611-7743,Mercedes-Benz,G-Class,tag_renewal,
244,Tuesday,Gabi,Worboys,gworboys6r@hubpages.com,606-814-5835,Dodge,Ram 1500,tag_renewal,
245,Monday,Marlyn,Ivatts,mivatts6s@sbwire.com,716-915-2305,Audi,Allroad,license_renewal,11:00 AM
246,Tuesday,Schuyler,Cuppleditch,scuppleditch6t@xinhuanet.com,917-490-4606,Chevrolet,1500,tag_renewal,
247,,Valida,Rohlfs,vrohlfs6u@google.com.au,631-364-5523,Chrysler,New Yorker,license_renewal,
248,,Daveen,Marrill,dmarrill6v@altervista.org,694-213-6635,Mercedes-Benz,CL-Class,tag_renewal,11:30 AM
249,,Bron,Bradly,bbradly6w@youtube.com,999-979-0037,Honda,Pilot,tag_renewal,1:30 PM
250,Thursday,Prisca,Orht,porht6x@tmall.com,413-383-7579,BMW,Z4,tag_renewal,12:30 PM
251,Monday,Lothario,Headings,lheadings6y@icq.com,252-118-0150,Buick,Regal,tag_renewal,
252,,Rex,Pritchard,rpritchard6z@github.io,269-225-3393,Nissan,Sentra,tag_renewal,
253,,Torrance,Stobbes,tstobbes70@gizmodo.com,406-404-2130,Ford,E250,license_renewal,10:00 AM
254,Tuesday,Pattin,Keepin,pkeepin71@nydailynews.com,642-160-2519,Chevrolet,Express 1500,license_renewal,
255,,Florry,Assad,fassad72@prnewswire.com,151-287-6419,Isuzu,Axiom,tag_renewal,1:00 PM
256,,Henrie,Tatton,htatton73@google.com.br,286-989-0901,Ford,F150,license_renewal,9:30 AM
257,,Jonathon,Bortolussi,jbortolussi74@dmoz.org,336-521-9980,Dodge,Ram 1500 Club,tag_renewal,
258,,Towny,Skehan,tskehan75@ft.com,483-795-5279,Toyota,Avalon,tag_renewal,10:00 AM
259,,Tiffi,Borless,tborless76@livejournal.com,977-182-7990,Toyota,T100 Xtra,license_renewal,
260,Thursday,Malvin,Itzcovichch,mitzcovichch77@independent.co.uk,614-106-6281,Chevrolet,Astro,license_renewal,12:30 PM
261,Wednesday,Neille,Pogg,npogg78@scientificamerican.com,247-594-2577,Hyundai,Accent,license_renewal,10:30 AM
262,,Florrie,Cotsford,fcotsford79@chicagotribune.com,124-346-3502,Hyundai,Excel,tag_renewal,2:00 PM
263,,Christophorus,Barron,cbarron7a@oracle.com,474-448-1887,Volkswagen,New Beetle,tag_renewal,9:30 AM
264,,Leyla,Varfolomeev,lvarfolomeev7b@purevolume.com,459-826-5241,GMC,Suburban 1500,tag_renewal,1:00 PM
265,,Wells,Seekings,wseekings7c@ucla.edu,692-887-1492,Mazda,MX-5,license_renewal,
266,,Wylma,Heinke,wheinke7d@yellowbook.com,766-788-2983,Mercedes-Benz,SLK-Class,tag_renewal,9:00 AM
267,,Knox,Currier,kcurrier7e@oakley.com,945-921-9448,Nissan,Quest,license_renewal,
268,Thursday,Reinhold,Cometti,rcometti7f@sphinn.com,657-191-1642,GMC,Safari,license_renewal,9:00 AM
269,,Kippie,Storek,kstorek7g@live.com,186-477-6945,Chevrolet,Camaro,license_renewal,1:30 PM
270,Tuesday,Robenia,Dyche,rdyche7h@ycombinator.com,417-210-6222,Toyota,RAV4,license_renewal,12:00 PM
271,Wednesday,Barnie,McCartney,bmccartney7i@spiegel.de,742-996-5687,Chevrolet,G-Series G10,tag_renewal,1:30 PM
272,,Barbey,Whight,bwhight7j@godaddy.com,107-797-0006,Oldsmobile,Aurora,license_renewal,
273,,Merrill,Bownde,mbownde7k@rambler.ru,280-512-2065,Buick,Verano,tag_renewal,
274,Wednesday,Gusella,Collip,gcollip7l@google.com.au,982-919-5629,Saab,9-3,license_renewal,
275,,Aila,Hollindale,ahollindale7m@google.com.au,606-730-0398,Dodge,D350,license_renewal,
276,Thursday,Dud,Baraja,dbaraja7n@lulu.com,688-177-6201,Ford,E-Series,license_renewal,10:00 AM
277,Friday,Neddy,Bletso,nbletso7o@godaddy.com,715-676-4384,Lexus,LS Hybrid,license_renewal,
278,,Quent,Coupe,qcoupe7p@dot.gov,246-343-0307,Mercury,Topaz,tag_renewal,
279,Monday,Jannelle,Hasell,jhasell7q@sfgate.com,218-973-0118,Mazda,B-Series,license_renewal,
280,Tuesday,Philbert,Whittam,pwhittam7r@accuweather.com,571-375-2766,Pontiac,Vibe,license_renewal,
281,,Rickie,Steanyng,rsteanyng7s@blogs.com,986-708-8316,Volkswagen,Jetta,tag_renewal,
282,,Tracey,Hurnell,thurnell7t@ezinearticles.com,783-161-5076,Chevrolet,Corvette,tag_renewal,
283,,Leonidas,Astridge,lastridge7u@yandex.ru,473-558-0811,Dodge,Grand Caravan,license_renewal,
284,Wednesday,Nance,Joslin,njoslin7v@gravatar.com,534-770-1114,Toyota,Land Cruiser,tag_renewal,
285,,Silva,MacCarroll,smaccarroll7w@icq.com,705-556-8267,Mitsubishi,Galant,tag_renewal,11:00 AM
286,Tuesday,Brody,Phipps,bphipps7x@mail.ru,436-853-6193,Mercedes-Benz,SL-Class,license_renewal,
287,,Myer,Millea,mmillea7y@google.co.uk,908-524-0047,Lexus,IS,license_renewal,
288,Thursday,Rowney,Rowthorn,rrowthorn7z@newyorker.com,142-307-0540,Honda,CR-Z,license_renewal,9:30 AM
289,Friday,Rora,Mapes,rmapes80@nature.com,317-206-6733,Lexus,SC,tag_renewal,11:00 AM
290,Monday,Arron,Knights,aknights81@wordpress.com,810-592-1543,BMW,X6,license_renewal,
291,Friday,Michaela,Dumbell,mdumbell82@theatlantic.com,738-448-6841,Bentley,Azure,tag_renewal,
292,Wednesday,Maryann,Hallgath,mhallgath83@infoseek.co.jp,610-913-8766,GMC,Sierra 2500,tag_renewal,12:30 PM
293,,Flory,Turbayne,fturbayne84@ocn.ne.jp,669-921-8024,BMW,Z3,license_renewal,
294,Friday,Lib,Cromb,lcromb85@mapy.cz,581-949-2822,Volkswagen,Jetta,tag_renewal,1:30 PM
295,Wednesday,Jacklyn,Mokes,jmokes86@microsoft.com,190-858-1268,Toyota,Land Cruiser,license_renewal,
296,,Ronda,Winspurr,rwinspurr87@youku.com,394-752-1384,Mercury,Capri,tag_renewal,8:00 AM
297,Thursday,Georgeta,Le Barr,glebarr88@ftc.gov,526-203-7366,Kia,Rio,tag_renewal,
298,Tuesday,Gannon,Beeswing,gbeeswing89@bluehost.com,111-791-5202,Dodge,Dakota,license_renewal,
299,Thursday,Kinny,Gaylard,kgaylard8a@drupal.org,369-752-3264,Isuzu,Hombre,tag_renewal,3:00 PM
300,,Simon,Dodamead,sdodamead8b@dmoz.org,919-980-1794,Hyundai,Entourage,license_renewal,12:00 PM
301,,Duffie,McLennan,dmclennan8c@livejournal.com,714-559-2824,Toyota,MR2,license_renewal,2:30 PM
302,,Lorry,McCartney,lmccartney8d@loc.gov,236-752-0745,Ford,F-Series,license_renewal,
303,,Carry,Chipman,cchipman8e@google.es,854-511-8323,Ford,Courier,tag_renewal,2:00 PM
304,,Niles,Simkovitz,nsimkovitz8f@hp.com,649-236-3592,Ford,Mustang,tag_renewal,1:00 PM
305,Monday,Elwin,Rummin,erummin8g@homestead.com,898-195-4400,Pontiac,Fiero,license_renewal,2:30 PM
306,Tuesday,Corney,Strelitzer,cstrelitzer8h@jalbum.net,303-456-5553,GMC,Envoy,license_renewal,
307,Monday,Sheela,Espinel,sespinel8i@unblog.fr,373-947-9732,Dodge,Durango,tag_renewal,
308,Monday,Carter,Witheford,cwitheford8j@tumblr.com,611-128-2759,Ford,Econoline E150,license_renewal,3:00 PM
309,Friday,Zach,Smithyman,zsmithyman8k@gmpg.org,891-109-5195,Honda,S2000,tag_renewal,1:30 PM
310,,Ulberto,Forster,uforster8l@instagram.com,805-646-9860,Ford,E250,tag_renewal,
311,Wednesday,Cale,Bushell,cbushell8m@arstechnica.com,137-544-1740,Ford,Explorer,license_renewal,
312,,Ellyn,Kells,ekells8n@google.it,589-358-0213,Mazda,MX-5,tag_renewal,10:00 AM
313,,Dacy,Tombling,dtombling8o@state.gov,988-555-2259,Mercedes-Benz,E-Class,tag_renewal,
314,,Flinn,Bougen,fbougen8p@reference.com,556-779-4054,Dodge,Ram 3500,tag_renewal,3:00 PM
315,Friday,Modestine,Lethlay,mlethlay8q@360.cn,131-268-1923,Suzuki,Swift,license_renewal,
316,Tuesday,Marlow,Clavering,mclavering8r@squarespace.com,635-286-1143,Pontiac,Chevette,tag_renewal,
317,Wednesday,Ulric,Ethridge,uethridge8s@nyu.edu,209-213-0863,Honda,Accord,license_renewal,8:00 AM
318,Wednesday,Karlens,Denzilow,kdenzilow8t@ibm.com,934-494-6426,Chevrolet,Astro,tag_renewal,
319,Tuesday,Jeanelle,Frew,jfrew8u@twitter.com,942-462-4045,Pontiac,Bonneville,tag_renewal,1:00 PM
320,Wednesday,Isabeau,Karolewski,ikarolewski8v@weebly.com,169-600-1632,Ford,Mustang,license_renewal,8:30 AM
321,Thursday,Zabrina,Denison,zdenison8w@webnode.com,584-149-7967,Porsche,911,license_renewal,
322,Tuesday,Pietra,McKennan,pmckennan8x@yahoo.com,529-962-6648,Dodge,Dakota Club,tag_renewal,2:30 PM
323,,Felicle,Jendrys,fjendrys8y@list-manage.com,569-741-0695,Buick,Coachbuilder,license_renewal,10:30 AM
324,,Sibella,Glavin,sglavin8z@google.nl,913-830-4251,Ford,Taurus,tag_renewal,
325,Tuesday,Carlye,Smallcombe,csmallcombe90@usgs.gov,448-156-1283,Chevrolet,Avalanche,tag_renewal,8:30 AM
326,Wednesday,Morton,Benech,mbenech91@timesonline.co.uk,937-321-7759,Ford,F350,license_renewal,1:30 PM
327,,Elana,Drohan,edrohan92@vinaora.com,545-811-6911,Volvo,S40,license_renewal,10:00 AM
328,,Jarrett,McKyrrelly,jmckyrrelly93@apache.org,541-113-3262,GMC,Yukon XL 1500,tag_renewal,8:00 AM
329,,Bethanne,Blunsum,bblunsum94@cbslocal.com,384-596-2608,Toyota,Camry,tag_renewal,
330,Tuesday,Engelbert,Filippone,efilippone95@irs.gov,461-320-6279,Ford,F150,license_renewal,
331,,Timmy,Lorenzetti,tlorenzetti96@fastcompany.com,900-173-2969,Nissan,Cube,tag_renewal,
332,Tuesday,Hazel,Bogays,hbogays97@cbslocal.com,307-328-0697,Mitsubishi,Tundra,tag_renewal,10:00 AM
333,Wednesday,Dael,Burril,dburril98@unc.edu,407-591-1040,Honda,FCX Clarity,tag_renewal,1:30 PM
334,,Jayme,Richardet,jrichardet99@furl.net,153-588-8062,Chrysler,300,license_renewal,
335,,Yasmin,Meneely,ymeneely9a@accuweather.com,408-604-9034,Toyota,Celica,tag_renewal,1:00 PM
336,,Zach,Putt,zputt9b@mapquest.com,724-956-6208,Toyota,Tundra,license_renewal,
337,,Austin,O' Byrne,aobyrne9c@bravesites.com,779-109-2783,Chevrolet,Astro,license_renewal,12:30 PM
338,Friday,Guntar,Imos,gimos9d@umich.edu,225-795-7765,Chevrolet,Traverse,license_renewal,
339,,Gavra,Stubbeley,gstubbeley9e@creativecommons.org,851-190-9222,Chevrolet,TrailBlazer,tag_renewal,9:30 AM
340,Friday,Neel,Minster,nminster9f@t-online.de,315-753-6065,Audi,Q7,license_renewal,
341,,Zena,Attewell,zattewell9g@theatlantic.com,106-959-6926,Saturn,Ion,license_renewal,8:30 AM
342,,Wilhelm,Van Velden,wvanvelden9h@barnesandnoble.com,400-728-2616,Chevrolet,SSR,license_renewal,
343,Tuesday,Marysa,Treven,mtreven9i@pen.io,317-393-5225,Dodge,Caliber,license_renewal,8:00 AM
344,,Kelli,Dibbe,kdibbe9j@weibo.com,440-682-1574,Dodge,Ram,tag_renewal,
345,Thursday,Valentine,Balducci,vbalducci9k@illinois.edu,973-152-8709,Lamborghini,Gallardo,license_renewal,
346,,Park,Spratling,pspratling9l@stumbleupon.com,336-382-0361,Volkswagen,Golf,tag_renewal,
347,,Nickola,Calbrathe,ncalbrathe9m@youtu.be,696-164-5082,Volvo,S80,license_renewal,10:00 AM
348,,Rafaello,Whatham,rwhatham9n@slate.com,904-722-5950,Cadillac,SRX,tag_renewal,
349,,Charyl,Tewkesbury.,ctewkesbury9o@mapy.cz,497-810-5083,Isuzu,Trooper,tag_renewal,
350,,Mortie,Fosten,mfosten9p@geocities.com,319-391-1614,Oldsmobile,Cutlass Cruiser,tag_renewal,
351,,Dov,Linguard,dlinguard9q@360.cn,375-813-0412,Honda,Odyssey,tag_renewal,9:00 AM
352,Thursday,Tarra,Got,tgot9r@godaddy.com,141-552-3373,Ford,Bronco,license_renewal,
353,,Tristam,Banker,tbanker9s@tinyurl.com,172-164-2211,Nissan,Pathfinder,tag_renewal,11:00 AM
354,,Clovis,Golda,cgolda9t@woothemes.com,442-484-9914,Volvo,960,tag_renewal,
355,Monday,Laney,Stodit,lstodit9u@webmd.com,109-563-6139,Honda,Odyssey,license_renewal,11:00 AM
356,,Joy,Wolfe,jwolfe9v@tmall.com,587-583-3937,Toyota,Camry,license_renewal,
357,Thursday,Beau,Stollhofer,bstollhofer9w@sohu.com,668-846-7477,Chevrolet,G-Series G10,tag_renewal,
358,Monday,Pearla,Beushaw,pbeushaw9x@foxnews.com,947-622-0907,Honda,CR-V,tag_renewal,1:30 PM
359,Monday,Grissel,Cargill,gcargill9y@pcworld.com,640-935-3878,Audi,4000s,license_renewal,12:00 PM
360,Tuesday,Abbe,Wollers,awollers9z@theatlantic.com,114-331-8055,Land Rover,Discovery,tag_renewal,1:00 PM
361,Friday,Meg,Chat,mchata0@hugedomains.com,884-689-1387,Chevrolet,Lumina,tag_renewal,11:00 AM
362,Wednesday,Daryn,McCambridge,dmccambridgea1@uol.com.br,400-173-9841,Chevrolet,HHR,license_renewal,1:30 PM
363,Monday,Cynthy,Bowhey,cbowheya2@columbia.edu,145-687-1771,Lincoln,Navigator,tag_renewal,
364,,Sayer,Osbiston,sosbistona3@wp.com,464-411-0746,Dodge,Caliber,tag_renewal,8:00 AM
365,Monday,Andra,Tomini,atominia4@yellowbook.com,321-552-5054,Aston Martin,V8 Vantage,tag_renewal,2:00 PM
366,Thursday,Tania,Stooders,tstoodersa5@moonfruit.com,532-707-0601,Acura,NSX,tag_renewal,1:30 PM
367,Tuesday,Rosetta,O'Fallon,rofallona6@answers.com,512-948-8846,Land Rover,Range Rover,tag_renewal,2:00 PM
368,,Jenny,Jeannenet,jjeanneneta7@cbsnews.com,427-541-2472,Mercury,Grand Marquis,license_renewal,
369,Wednesday,Caroljean,Lathleiffure,clathleiffurea8@go.com,958-137-1473,Hyundai,Tucson,tag_renewal,9:00 AM
370,Tuesday,Muhammad,Ridsdell,mridsdella9@google.pl,925-534-8844,Mitsubishi,Diamante,license_renewal,9:30 AM
371,,Aubine,Fanshaw,afanshawaa@umich.edu,370-495-6925,Mazda,B2600,tag_renewal,9:00 AM
372,,Franni,Keilloh,fkeillohab@odnoklassniki.ru,358-500-3446,Suzuki,Grand Vitara,tag_renewal,12:30 PM
373,,Lynnett,Smallman,lsmallmanac@mac.com,918-228-2315,Mercedes-Benz,400SEL,license_renewal,3:00 PM
374,Tuesday,Franchot,Alldread,falldreadad@mapquest.com,699-725-5351,Isuzu,VehiCROSS,tag_renewal,
375,,Chrotoem,Hartrick,chartrickae@cocolog-nifty.com,389-281-7428,GMC,Yukon,license_renewal,
376,Friday,Emilia,Donnett,edonnettaf@state.tx.us,182-441-8530,Mitsubishi,Endeavor,license_renewal,3:00 PM
377,Wednesday,Aida,Gladding,agladdingag@g.co,218-556-0690,Saturn,S-Series,tag_renewal,11:30 AM
378,Monday,Stephen,Harrie,sharrieah@bigcartel.com,329-396-8920,Volkswagen,Cabriolet,tag_renewal,2:00 PM
379,Monday,Ursuline,Bonde,ubondeai@weather.com,549-211-7165,Volkswagen,New Beetle,tag_renewal,11:30 AM
380,Thursday,Thurstan,Seine,tseineaj@illinois.edu,527-435-7670,GMC,Envoy,license_renewal,12:30 PM
381,Monday,Duffy,Matthesius,dmatthesiusak@geocities.jp,258-752-8019,Acura,MDX,tag_renewal,1:00 PM
382,,Ranee,Allday,ralldayal@tmall.com,889-666-9534,Ford,E-Series,license_renewal,8:30 AM
383,Friday,Yevette,Wildash,ywildasham@csmonitor.com,841-346-5986,Cadillac,Escalade,license_renewal,
384,,Kamila,Grocock,kgrocockan@fotki.com,951-221-2750,Volkswagen,Golf,tag_renewal,8:00 AM
385,,Bradan,Raddon,braddonao@wired.com,456-565-7628,Lexus,LS,tag_renewal,2:00 PM
386,Wednesday,Herman,Troker,htrokerap@shinystat.com,292-590-3741,BMW,525,license_renewal,
387,,Lexi,Grimmolby,lgrimmolbyaq@salon.com,422-890-8251,Cadillac,SRX,tag_renewal,
388,,Ludvig,Barnhill,lbarnhillar@mac.com,794-774-9029,Mitsubishi,Galant,tag_renewal,
389,,Burg,Waddams,bwaddamsas@barnesandnoble.com,743-896-7820,Hyundai,Elantra,tag_renewal,2:30 PM
390,,Isidor,Moutray Read,imoutrayreadat@ning.com,550-463-7518,Jeep,Commander,license_renewal,8:00 AM
391,,Clarinda,Minerdo,cminerdoau@marketwatch.com,646-316-7528,Chevrolet,Aveo,tag_renewal,
392,Monday,Ephraim,Mc Meekan,emcmeekanav@state.gov,509-359-5014,Subaru,Outback,tag_renewal,12:00 PM
393,Monday,Sarge,Kilmartin,skilmartinaw@imdb.com,890-267-8388,Hyundai,Accent,tag_renewal,12:30 PM
394,Thursday,Darnall,Snare,dsnareax@blogspot.com,443-219-5739,Mercedes-Benz,E-Class,tag_renewal,
395,Wednesday,Jayme,Gother,jgotheray@nydailynews.com,398-440-5379,Kia,Amanti,tag_renewal,1:30 PM
396,Wednesday,Stefan,Syfax,ssyfaxaz@yellowpages.com,324-866-0131,Volkswagen,Jetta,tag_renewal,
397,Monday,Trudi,Blair,tblairb0@cornell.edu,125-432-0061,Chevrolet,Corvette,license_renewal,
398,Monday,Tyne,Wilkison,twilkisonb1@livejournal.com,495-130-9420,Toyota,Camry Hybrid,tag_renewal,
399,,Micheline,Parkin,mparkinb2@yahoo.com,458-577-9343,Ford,F250,tag_renewal,
400,,Rebekkah,Paulusch,rpauluschb3@taobao.com,280-611-6831,Mazda,Mazdaspeed 3,tag_renewal,
401,Friday,Muire,Swadlen,mswadlenb4@reddit.com,105-524-4429,Mercedes-Benz,E-Class,license_renewal,12:30 PM
402,Wednesday,Devonne,Gates,dgatesb5@wp.com,307-693-2581,Mercedes-Benz,300SD,tag_renewal,
403,Tuesday,Lolita,Gammill,lgammillb6@webnode.com,906-998-9003,Chrysler,200,license_renewal,
404,Wednesday,Salomon,Nealey,snealeyb7@hugedomains.com,821-937-7001,Chrysler,Concorde,license_renewal,12:30 PM
405,Monday,Eddy,Dytham,edythamb8@dmoz.org,344-231-5674,Toyota,RAV4,tag_renewal,
406,,Drucy,Danielot,ddanielotb9@japanpost.jp,440-804-6636,Honda,Accord,tag_renewal,
407,Monday,Kissiah,Pollicote,kpollicoteba@ning.com,798-570-7322,Jaguar,XJ Series,license_renewal,
408,,Frederica,Floyed,ffloyedbb@tinypic.com,751-362-4960,Ford,F-Series,tag_renewal,1:30 PM
409,Friday,Magdalen,Conklin,mconklinbc@ovh.net,381-141-8321,BMW,7 Series,tag_renewal,8:30 AM
410,,Arleta,Salzen,asalzenbd@cmu.edu,101-706-2162,Ford,Expedition EL,license_renewal,
411,Thursday,Seumas,Dray,sdraybe@wisc.edu,776-834-5919,Toyota,MR2,tag_renewal,1:00 PM
412,Thursday,Celka,Tether,ctetherbf@newsvine.com,315-877-2570,Volvo,XC70,license_renewal,10:30 AM
413,Tuesday,Falkner,Grieswood,fgrieswoodbg@nationalgeographic.com,307-589-1431,Chevrolet,Corvette,license_renewal,
414,Tuesday,Hettie,Swatridge,hswatridgebh@yellowpages.com,924-235-8779,BMW,M Roadster,tag_renewal,
415,Wednesday,Junie,Tremolieres,jtremolieresbi@ucla.edu,369-478-7229,Audi,V8,tag_renewal,
416,,Hilary,Bande,hbandebj@jalbum.net,213-271-3593,Ferrari,612 Scaglietti,license_renewal,1:00 PM
417,Monday,Ardyce,Shepherdson,ashepherdsonbk@usa.gov,938-162-7624,Saturn,Relay,tag_renewal,11:30 AM
418,Tuesday,Alon,Alldridge,aalldridgebl@virginia.edu,251-615-0813,Mazda,MX-6,license_renewal,12:30 PM
419,,Wendel,Gradwell,wgradwellbm@123-reg.co.uk,455-948-2282,Jeep,Liberty,license_renewal,9:00 AM
420,Friday,Giulio,Copson,gcopsonbn@go.com,225-842-2746,Pontiac,Sunbird,tag_renewal,
421,Friday,Dannel,Sondland,dsondlandbo@nature.com,185-895-8287,Subaru,Justy,license_renewal,1:30 PM
422,Thursday,Vincenty,Postgate,vpostgatebp@yellowbook.com,689-713-5778,Chevrolet,Corvette,tag_renewal,3:00 PM
423,,Laurens,Abell,labellbq@youtube.com,417-857-2109,Mitsubishi,GTO,license_renewal,
424,Friday,Farlie,Jaslem,fjaslembr@mit.edu,934-222-5362,Pontiac,6000,tag_renewal,1:00 PM
425,,Janene,Atkirk,jatkirkbs@forbes.com,906-198-9948,Pontiac,Fiero,license_renewal,
426,,Berte,O'Kenny,bokennybt@ask.com,144-715-0025,Chrysler,300,tag_renewal,1:00 PM
427,,Hakim,Heikkinen,hheikkinenbu@cornell.edu,345-485-6882,Mercedes-Benz,E-Class,license_renewal,
428,,Daune,Manoch,dmanochbv@vk.com,750-203-2446,Mercedes-Benz,600SEC,license_renewal,10:30 AM
429,Friday,Clement,Snell,csnellbw@people.com.cn,137-238-4366,Pontiac,Firebird,tag_renewal,10:30 AM
430,,Karola,Androli,kandrolibx@feedburner.com,782-850-2981,Mercury,Grand Marquis,tag_renewal,
431,,Otis,Grimditch,ogrimditchby@w3.org,640-957-0728,Lincoln,MKT,license_renewal,
432,,Michel,Quin,mquinbz@shop-pro.jp,373-574-0173,Mercedes-Benz,500SL,tag_renewal,12:30 PM
433,,Agathe,Gardiner,agardinerc0@pagesperso-orange.fr,204-782-8768,Chrysler,Concorde,tag_renewal,9:30 AM
434,,Hannah,O' Clovan,hoclovanc1@smugmug.com,345-384-8882,GMC,2500,tag_renewal,
435,,Verine,Pexton,vpextonc2@cbslocal.com,846-272-3259,Pontiac,Montana,license_renewal,
436,,Libby,Calcraft,lcalcraftc3@trellian.com,366-252-3473,Ford,F450,tag_renewal,
437,,Clywd,Dorbin,cdorbinc4@alibaba.com,491-348-4799,Volkswagen,Type 2,license_renewal,1:30 PM
438,,Gaspar,Isard,gisardc5@geocities.com,276-530-3297,Fiat,500,license_renewal,
439,,Stirling,Batrip,sbatripc6@guardian.co.uk,375-717-2746,Infiniti,QX,license_renewal,
440,Friday,Danit,Mateus,dmateusc7@networkadvertising.org,185-975-4868,Infiniti,G,license_renewal,
441,Tuesday,Neila,Rantoull,nrantoullc8@a8.net,756-185-0338,GMC,Jimmy,license_renewal,
442,,Brittney,Jandera,bjanderac9@unicef.org,471-900-7911,BMW,Z4 M,tag_renewal,
443,Friday,Cheston,Dopson,cdopsonca@omniture.com,362-375-5574,Audi,A4,tag_renewal,
444,,Elonore,Jachtym,ejachtymcb@nytimes.com,254-431-0383,Subaru,Legacy,license_renewal,
445,,Wilden,Pallesen,wpallesencc@usgs.gov,282-515-1191,Audi,90,tag_renewal,
446,Wednesday,Alverta,Dubber,adubbercd@prlog.org,202-486-1394,Volkswagen,Golf,tag_renewal,
447,Tuesday,Andreana,Iorns,aiornsce@webmd.com,855-969-5591,Mitsubishi,Diamante,tag_renewal,3:00 PM
448,,Leonora,Southern,lsoutherncf@linkedin.com,214-444-4716,Chevrolet,Monte Carlo,license_renewal,12:00 PM
449,,Jo-ann,Voden,jvodencg@time.com,787-320-1608,Pontiac,Grand Prix,tag_renewal,9:30 AM
450,,Ashly,Chaplin,achaplinch@imageshack.us,235-480-1215,Honda,Accord,license_renewal,
451,,Aldrich,Ruffell,aruffellci@prlog.org,122-350-1037,Nissan,Maxima,tag_renewal,
452,,Aurie,Mifflin,amifflincj@home.pl,818-451-3928,Saab,900,tag_renewal,
453,,Free,Tregenza,ftregenzack@furl.net,848-644-3331,Ferrari,599 GTB Fiorano,tag_renewal,8:00 AM
454,Tuesday,Malachi,Jellico,mjellicocl@people.com.cn,931-376-9727,Chevrolet,Express 2500,tag_renewal,
455,,Elsey,Dye,edyecm@cocolog-nifty.com,863-753-8700,Chevrolet,Express 3500,license_renewal,1:00 PM
456,Friday,Stepha,Dace,sdacecn@goodreads.com,341-583-4948,Honda,Element,tag_renewal,8:30 AM
457,,Orlando,Lapree,olapreeco@quantcast.com,879-758-5931,Cadillac,Allante,license_renewal,
458,Monday,Symon,Allston,sallstoncp@rambler.ru,540-742-2356,GMC,Jimmy,tag_renewal,10:30 AM
459,Wednesday,Brittaney,Collinwood,bcollinwoodcq@taobao.com,793-181-0660,Mitsubishi,Eclipse,tag_renewal,
460,,Glynn,Middler,gmiddlercr@hao123.com,793-883-8204,Daihatsu,Rocky,tag_renewal,
461,,Gert,Janicek,gjanicekcs@woothemes.com,486-857-6182,Volkswagen,Type 2,license_renewal,
462,,Myrlene,Millsap,mmillsapct@artisteer.com,352-560-7315,Lincoln,LS,tag_renewal,
463,,Tyrone,Clemens,tclemenscu@netvibes.com,470-612-7999,Chevrolet,Express 3500,tag_renewal,12:30 PM
464,Monday,Cassie,Ahren,cahrencv@alibaba.com,432-992-0460,GMC,Suburban 1500,license_renewal,2:30 PM
465,Wednesday,Aguistin,Brownsea,abrownseacw@meetup.com,617-596-6510,Audi,TT,license_renewal,2:30 PM
466,,Archibaldo,Wieprecht,awieprechtcx@livejournal.com,260-201-3942,Porsche,911,tag_renewal,
467,,Lenci,Dumingos,ldumingoscy@phpbb.com,711-320-7183,Ford,GT,license_renewal,2:00 PM
468,Friday,Bald,Cossar,bcossarcz@bbc.co.uk,721-522-3720,Mazda,Miata MX-5,license_renewal,
469,Tuesday,Inge,Alchin,ialchind0@slideshare.net,255-947-1861,Honda,Element,tag_renewal,2:30 PM
470,Tuesday,Rodie,Joddins,rjoddinsd1@163.com,861-528-2023,Toyota,RAV4,license_renewal,12:00 PM
471,,Concettina,Oldale,coldaled2@tiny.cc,586-523-1285,Aston Martin,Vantage,tag_renewal,1:30 PM
472,,Erina,Millbank,emillbankd3@woothemes.com,502-379-2579,Ford,Flex,tag_renewal,11:30 AM
473,Wednesday,Brook,Ciobutaro,bciobutarod4@google.ca,284-627-6386,Chevrolet,Caprice Classic,license_renewal,9:00 AM
474,Friday,Mellicent,Bett,mbettd5@europa.eu,956-763-7674,Cadillac,STS,license_renewal,
475,Thursday,Loree,Wheadon,lwheadond6@cocolog-nifty.com,885-960-2688,Studebaker,Avanti,license_renewal,
476,Monday,Barbabra,Bawme,bbawmed7@trellian.com,580-512-9795,Ford,Thunderbird,license_renewal,
477,Wednesday,Letty,Hurdiss,lhurdissd8@t-online.de,935-290-7027,Saab,9-5,license_renewal,11:00 AM
478,,Terrell,Prium,tpriumd9@mlb.com,806-505-6804,Chevrolet,Cavalier,license_renewal,2:00 PM
479,,Ali,Ewart,aewartda@noaa.gov,616-818-3462,Subaru,Tribeca,tag_renewal,
480,Wednesday,Joni,Testo,jtestodb@soup.io,587-703-3492,Infiniti,G,tag_renewal,
481,,Cybil,Doblin,cdoblindc@japanpost.jp,213-710-5675,Dodge,Ram,license_renewal,10:30 AM
482,,Linzy,Le Surf,llesurfdd@umich.edu,386-480-9101,Kia,Rio,license_renewal,9:00 AM
483,,Cristie,Trench,ctrenchde@w3.org,360-514-8883,Volkswagen,Jetta,tag_renewal,
484,Wednesday,Bernelle,Pether,bpetherdf@mtv.com,324-444-0106,Lincoln,Navigator L,tag_renewal,9:00 AM
485,,Karlotte,Perrigo,kperrigodg@thetimes.co.uk,445-634-8938,Audi,Quattro,tag_renewal,10:30 AM
486,,Ines,Powys,ipowysdh@myspace.com,572-842-8975,Audi,S8,license_renewal,3:00 PM
487,,Bambie,MacAfee,bmacafeedi@e-recht24.de,938-631-7398,Chevrolet,Camaro,tag_renewal,12:00 PM
488,Thursday,Barn,Tuffley,btuffleydj@simplemachines.org,867-396-8548,Volvo,850,license_renewal,
489,Friday,Delmer,Packman,dpackmandk@xinhuanet.com,971-286-8728,Mercury,Topaz,license_renewal,3:00 PM
490,Friday,Oliver,Sargison,osargisondl@google.co.jp,107-678-6662,Ford,Escort,tag_renewal,12:00 PM
491,Friday,Moe,Summerson,msummersondm@gnu.org,860-218-2370,Honda,Insight,tag_renewal,
492,,Marc,Gilliard,mgilliarddn@nyu.edu,583-494-2068,Pontiac,Torrent,license_renewal,2:30 PM
493,Friday,Carr,Achrameev,cachrameevdo@thetimes.co.uk,108-518-7308,Saturn,Outlook,license_renewal,
494,Tuesday,Catlee,Bollum,cbollumdp@wix.com,102-446-1843,Buick,Regal,license_renewal,9:00 AM
495,Tuesday,Margarete,Arnald,marnalddq@vk.com,606-784-6143,GMC,Sierra,license_renewal,
496,Friday,Krissy,Ellerey,kellereydr@last.fm,857-950-0169,Honda,Insight,tag_renewal,3:00 PM
497,,Hanson,Johanning,hjohanningds@indiegogo.com,776-978-9223,Mercedes-Benz,500SL,tag_renewal,
498,Thursday,Ileane,Regina,ireginadt@indiatimes.com,758-324-8789,Infiniti,QX,tag_renewal,
499,Tuesday,Tadd,Steggals,tsteggalsdu@rambler.ru,667-208-6493,Plymouth,Grand Voyager,tag_renewal,11:30 AM
500,,Carol,Sheeran,csheerandv@theatlantic.com,798-827-8859,Toyota,Solara,tag_renewal,2:30 PM
501,Tuesday,Atlanta,Hamil,ahamildw@youtu.be,998-973-3912,Maybach,62,license_renewal,
502,,Winnah,Downage,wdownagedx@is.gd,670-550-3487,Audi,R8,license_renewal,
503,Friday,Jennifer,Atwood,jatwooddy@xing.com,652-257-0417,Oldsmobile,98,tag_renewal,
504,,Emmalynne,Kunkel,ekunkeldz@w3.org,281-953-1579,Subaru,Forester,tag_renewal,
505,Friday,Zorana,Gallally,zgallallye0@nasa.gov,338-325-5754,Oldsmobile,88,license_renewal,12:30 PM
506,,Gordy,Guiet,gguiete1@house.gov,288-226-4986,GMC,Jimmy,tag_renewal,
507,Tuesday,Salem,Lintot,slintote2@lycos.com,216-215-6601,Chevrolet,Express 2500,license_renewal,
508,,Annnora,Maden,amadene3@storify.com,215-164-1477,BMW,3 Series,license_renewal,
509,Thursday,Manon,Blowfelde,mblowfeldee4@cbsnews.com,895-368-4449,Mitsubishi,Lancer,tag_renewal,8:30 AM
510,Tuesday,Moll,Vairow,mvairowe5@mac.com,496-656-3334,Mercedes-Benz,E-Class,tag_renewal,
511,,Lyn,Allcott,lallcotte6@hostgator.com,248-906-9128,Mazda,B-Series,license_renewal,
512,Monday,Nial,McSkin,nmcskine7@soundcloud.com,239-412-5776,Chevrolet,Tahoe,tag_renewal,
513,Thursday,Shanta,Scanes,sscanese8@ning.com,328-830-7260,Mitsubishi,Mighty Max,tag_renewal,
514,,Ulysses,Lithcow,ulithcowe9@bloomberg.com,149-415-0908,Isuzu,i-290,tag_renewal,
515,Thursday,Moise,Blaymires,mblaymiresea@wikimedia.org,701-358-5697,Lincoln,MKZ,license_renewal,
516,Wednesday,Addison,Castrillo,acastrilloeb@auda.org.au,595-341-8981,Toyota,Sequoia,tag_renewal,
517,,Kirstin,Little,klittleec@fastcompany.com,371-316-0408,Plymouth,Acclaim,tag_renewal,
518,,Hew,Dimeloe,hdimeloeed@google.ru,742-808-6167,Ford,Explorer Sport Trac,license_renewal,11:00 AM
519,,Silvana,Hymer,shymeree@ox.ac.uk,523-317-4581,Ford,F-Series Super Duty,tag_renewal,
520,Friday,Terrijo,McIlvenny,tmcilvennyef@booking.com,759-918-4635,Cadillac,STS-V,license_renewal,12:30 PM
521,,Coral,Baylay,cbaylayeg@mayoclinic.com,753-427-7389,Subaru,Impreza,license_renewal,
522,,Ruperto,Drynan,rdrynaneh@ehow.com,709-529-0110,Lotus,Esprit,license_renewal,11:00 AM
523,Thursday,Lenard,Hawe,lhaweei@sogou.com,973-629-4292,Buick,Special,tag_renewal,
524,Monday,Greggory,Jeppensen,gjeppensenej@delicious.com,346-848-8134,Jaguar,XJ Series,license_renewal,3:00 PM
525,Friday,Pauletta,Sapseed,psapseedek@bloglovin.com,812-704-4023,Mercury,Tracer,tag_renewal,11:30 AM
526,,Shandee,Patsall,spatsallel@apple.com,292-749-4760,Mitsubishi,Lancer,tag_renewal,11:30 AM
527,Wednesday,Rodolfo,Slavin,rslavinem@apple.com,710-105-3914,Ferrari,California,tag_renewal,
528,,Traver,Smuth,tsmuthen@ebay.co.uk,539-819-2628,Dodge,Avenger,license_renewal,
529,Monday,Jonathon,Wilshire,jwilshireeo@pen.io,283-247-2834,Mercedes-Benz,190E,tag_renewal,10:00 AM
530,,Jordana,Lob,jlobep@ask.com,165-520-6286,Acura,NSX,tag_renewal,
531,Thursday,Dorelle,de Clercq,ddeclercqeq@scribd.com,922-901-9295,Toyota,Celica,license_renewal,
532,,Yettie,Frickey,yfrickeyer@noaa.gov,199-442-1333,Toyota,Matrix,tag_renewal,11:30 AM
533,Wednesday,Liesa,Jewkes,ljewkeses@yolasite.com,338-626-3716,Ford,Mustang,tag_renewal,9:30 AM
534,,Elvis,Wigelsworth,ewigelsworthet@squidoo.com,540-796-0746,Dodge,Caravan,license_renewal,
535,Thursday,Caroljean,Marquis,cmarquiseu@cpanel.net,577-380-9177,Honda,Accord,tag_renewal,11:30 AM
536,Wednesday,Bink,Colebourne,bcolebourneev@pinterest.com,743-459-6712,Ford,E250,tag_renewal,8:30 AM
537,Wednesday,Barde,Shallcroff,bshallcroffew@cdc.gov,499-170-1249,Cadillac,Eldorado,license_renewal,
538,,Denver,Llopis,dllopisex@oracle.com,696-814-8687,Cadillac,DeVille,license_renewal,8:00 AM
539,,Ruthie,Hainsworth,rhainsworthey@slashdot.org,279-927-8301,GMC,Yukon,license_renewal,2:00 PM
540,Tuesday,Urson,Egdal,uegdalez@xrea.com,598-328-0422,Dodge,Shadow,tag_renewal,10:30 AM
541,,Joelynn,Hoopper,jhoopperf0@boston.com,547-737-1001,Ford,Focus,tag_renewal,1:30 PM
542,Thursday,Dennet,Worters,dwortersf1@disqus.com,341-325-1507,Nissan,Maxima,tag_renewal,
543,,Milli,Creber,mcreberf2@artisteer.com,225-494-5337,Mazda,Mazda3,license_renewal,12:00 PM
544,,Jewell,Archdeacon,jarchdeaconf3@jalbum.net,253-814-6865,Nissan,Frontier,license_renewal,
545,,Cordie,De la Zenne,cdelazennef4@51.la,581-817-0715,Mazda,Miata MX-5,tag_renewal,1:00 PM
546,Thursday,Thatch,Brownsword,tbrownswordf5@statcounter.com,621-127-8797,Ford,F-350 Super Duty,tag_renewal,
547,Tuesday,Patricio,Morteo,pmorteof6@gravatar.com,262-179-2765,Hyundai,Sonata,tag_renewal,
548,Thursday,Terrence,Goodrum,tgoodrumf7@nhs.uk,496-708-8291,Ford,E350,license_renewal,
549,Tuesday,Corette,Pickhaver,cpickhaverf8@state.tx.us,384-578-1656,Mitsubishi,Expo,license_renewal,
550,Thursday,Temp,Ransfield,transfieldf9@woothemes.com,841-680-1805,Mitsubishi,Starion,tag_renewal,
551,,Rosana,Nibley,rnibleyfa@house.gov,118-746-3768,Mitsubishi,Sigma,license_renewal,
552,,Ciro,Surcombe,csurcombefb@examiner.com,704-828-8670,Nissan,240SX,tag_renewal,2:00 PM
553,Wednesday,Joanna,Trolley,jtrolleyfc@dot.gov,581-223-9304,Cadillac,DeVille,license_renewal,10:30 AM
554,Wednesday,Reider,Mullins,rmullinsfd@hubpages.com,775-527-9272,Isuzu,Rodeo,license_renewal,2:00 PM
555,Tuesday,Joletta,Jakubovicz,jjakuboviczfe@youku.com,887-353-4186,Lotus,Esprit,license_renewal,9:30 AM
556,Thursday,Ginger,Spellar,gspellarff@vinaora.com,936-893-8800,Acura,ZDX,tag_renewal,
557,,Addia,Kernermann,akernermannfg@photobucket.com,145-800-4390,Infiniti,FX,license_renewal,
558,Tuesday,Lisetta,Carik,lcarikfh@elpais.com,280-857-7523,Chevrolet,Aveo,tag_renewal,
559,,Kylen,Bernli,kbernlifi@moonfruit.com,542-952-2133,Honda,Accord,tag_renewal,
560,,Adah,Myton,amytonfj@list-manage.com,259-808-3301,Subaru,Outback,tag_renewal,1:30 PM
561,Tuesday,Loni,Berrington,lberringtonfk@dailymotion.com,852-351-5338,Chevrolet,Camaro,tag_renewal,
562,Tuesday,Cecil,Jorez,cjorezfl@msn.com,922-802-6384,Cadillac,Escalade EXT,tag_renewal,12:30 PM
563,,Mace,L'Hommee,mlhommeefm@e-recht24.de,880-960-6137,Ford,Mustang,license_renewal,10:30 AM
564,,Damiano,Dunklee,ddunkleefn@illinois.edu,434-733-2950,Suzuki,Vitara,tag_renewal,
565,,Sherlocke,Filde,sfildefo@reference.com,417-372-5220,Infiniti,M,license_renewal,
566,Thursday,Raina,Baynton,rbayntonfp@sakura.ne.jp,113-729-9104,Cadillac,Escalade ESV,license_renewal,10:00 AM
567,,Karee,Grabbam,kgrabbamfq@google.ru,144-609-9646,Audi,S4,tag_renewal,
568,,Lewes,Matic,lmaticfr@canalblog.com,788-862-4070,Ford,Transit Connect,tag_renewal,9:30 AM
569,Friday,Judon,Berth,jberthfs@about.me,712-949-3657,Ford,Edge,license_renewal,9:00 AM
570,,Bathsheba,Mundall,bmundallft@blogs.com,995-659-9766,Volvo,XC90,tag_renewal,
571,,Trina,Pepperill,tpepperillfu@smh.com.au,873-760-9498,Scion,iQ,license_renewal,9:30 AM
572,,Kellen,Croxon,kcroxonfv@nhs.uk,602-235-3530,Chrysler,300M,license_renewal,12:00 PM
573,,Odetta,Roddick,oroddickfw@wunderground.com,378-467-2006,Lexus,IS,license_renewal,
574,,Torie,Blethyn,tblethynfx@pinterest.com,261-668-5352,Pontiac,G8,tag_renewal,
575,Friday,Yale,Bastiman,ybastimanfy@imageshack.us,208-941-4819,Ford,Econoline E350,tag_renewal,12:30 PM
576,,Leshia,Gravey,lgraveyfz@bizjournals.com,375-673-6080,Chrysler,Voyager,tag_renewal,
577,Friday,Rina,Sindle,rsindleg0@springer.com,239-877-5866,Ford,Escort,license_renewal,
578,,Inglis,Leebetter,ileebetterg1@eepurl.com,915-425-6557,Lexus,LX,tag_renewal,
579,Wednesday,Nikkie,Medwell,nmedwellg2@webmd.com,253-851-1560,Pontiac,Torrent,license_renewal,3:00 PM
580,,Celle,Van der Daal,cvanderdaalg3@china.com.cn,127-799-5884,Honda,Passport,license_renewal,9:00 AM
581,Wednesday,Nessa,Duff,nduffg4@globo.com,216-459-5448,Audi,TT,tag_renewal,
582,,Rafaelita,Airton,rairtong5@newyorker.com,951-963-6372,Lotus,Esprit,tag_renewal,1:00 PM
583,Tuesday,Wilie,Murfin,wmurfing6@answers.com,770-594-9855,Ford,Ranger,tag_renewal,8:00 AM
584,Monday,Daniela,Gotter,dgotterg7@google.co.jp,731-772-9808,Honda,Odyssey,tag_renewal,
585,Wednesday,Tammara,Reoch,treochg8@si.edu,473-469-7108,Mercury,Topaz,tag_renewal,11:00 AM
586,,Kelcy,Dudney,kdudneyg9@uol.com.br,176-208-0452,Buick,LeSabre,tag_renewal,8:30 AM
587,,Pascale,Fetherby,pfetherbyga@w3.org,282-546-0015,Mercedes-Benz,CLK-Class,tag_renewal,12:30 PM
588,,Cobb,Keer,ckeergb@t.co,373-963-7064,Mercedes-Benz,R-Class,license_renewal,
589,,Fairlie,Spacie,fspaciegc@digg.com,710-606-2387,Maybach,57,license_renewal,12:00 PM
590,,Estell,Way,ewaygd@nsw.gov.au,512-225-4020,BMW,Z3,tag_renewal,
591,Monday,Kania,Colleran,kcollerange@sun.com,375-272-9971,Pontiac,Montana,tag_renewal,
592,,Kalina,Jenks,kjenksgf@list-manage.com,993-884-1444,Cadillac,Eldorado,license_renewal,
593,Tuesday,Romonda,Camings,rcamingsgg@4shared.com,243-883-3245,Volkswagen,CC,tag_renewal,11:00 AM
594,,Dell,Neachell,dneachellgh@geocities.jp,172-678-5023,Chrysler,Fifth Ave,license_renewal,8:00 AM
595,Monday,Billy,Girardin,bgirardingi@slashdot.org,550-200-8904,Chrysler,Grand Voyager,tag_renewal,
596,,Ertha,Kirlin,ekirlingj@census.gov,312-648-1714,Mercedes-Benz,C-Class,tag_renewal,9:30 AM
597,,Florencia,Windrus,fwindrusgk@sbwire.com,206-145-2136,Toyota,MR2,license_renewal,8:00 AM
598,,Aggie,Ashenhurst,aashenhurstgl@techcrunch.com,787-517-7690,Jeep,Wrangler,tag_renewal,
599,,Stevana,Hehir,shehirgm@nba.com,844-756-6260,Suzuki,Swift,license_renewal,
600,Tuesday,Jacquenette,Venus,jvenusgn@microsoft.com,185-450-9496,Toyota,Solara,license_renewal,9:30 AM
601,Wednesday,Barbie,Carnalan,bcarnalango@mysql.com,917-662-1777,Mitsubishi,Eclipse,license_renewal,8:30 AM
602,,Fletch,Westlake,fwestlakegp@theguardian.com,750-746-3978,Chrysler,Sebring,license_renewal,2:00 PM
603,Thursday,Howey,Midford,hmidfordgq@umn.edu,137-167-4924,Daewoo,Lanos,tag_renewal,
604,,Miquela,Burds,mburdsgr@about.com,726-548-6826,Toyota,Sienna,license_renewal,
605,Thursday,Deidre,Geldard,dgeldardgs@princeton.edu,336-135-9834,Nissan,Sentra,license_renewal,
606,,Clare,Blackney,cblackneygt@hugedomains.com,678-317-4469,Toyota,Venza,license_renewal,9:00 AM
607,Tuesday,Skylar,Jon,sjongu@list-manage.com,701-890-6605,Toyota,Solara,license_renewal,12:00 PM
608,,Virgie,Wabe,vwabegv@umich.edu,731-543-5860,Honda,Civic,license_renewal,
609,Thursday,Eddie,Quogan,equogangw@nyu.edu,377-797-2839,GMC,Yukon XL 2500,license_renewal,1:00 PM
610,Monday,Worthington,Duerden,wduerdengx@icq.com,182-642-4058,Mitsubishi,Truck,tag_renewal,
611,,Keri,Wendover,kwendovergy@usatoday.com,600-808-7314,Dodge,Ram Van 3500,license_renewal,
612,Tuesday,Mohandas,Fosdick,mfosdickgz@blogspot.com,394-896-6142,Volvo,XC70,tag_renewal,11:30 AM
613,,Bradley,Gillison,bgillisonh0@washingtonpost.com,823-426-7115,Honda,Accord,tag_renewal,1:00 PM
614,,Lorrie,O'Dyvoy,lodyvoyh1@kickstarter.com,241-715-1929,Hyundai,Sonata,tag_renewal,
615,,Arnold,Lemerie,alemerieh2@unc.edu,220-274-9424,Chevrolet,Impala,tag_renewal,
616,Thursday,Rey,Windaybank,rwindaybankh3@washington.edu,409-508-1158,Dodge,Stratus,tag_renewal,
617,,Henri,Buyers,hbuyersh4@twitpic.com,749-734-7254,Pontiac,Bonneville,license_renewal,11:30 AM
618,,Nolie,Hens,nhensh5@is.gd,982-710-8262,Land Rover,Range Rover Sport,license_renewal,
619,Thursday,Robena,Castelli,rcastellih6@gnu.org,798-119-8808,Mercury,Tracer,tag_renewal,
620,,Erek,Scranny,escrannyh7@freewebs.com,177-745-7339,Infiniti,G,tag_renewal,10:30 AM
621,Thursday,Diena,Poltun,dpoltunh8@loc.gov,917-885-9772,Subaru,Legacy,tag_renewal,9:00 AM
622,,Herrick,Champneys,hchampneysh9@zdnet.com,756-149-2221,Ford,Mustang,license_renewal,
623,Monday,Alexio,Morphet,amorphetha@stanford.edu,214-611-4201,Mazda,Mazdaspeed 3,tag_renewal,9:30 AM
624,,Pippo,Pethick,ppethickhb@mediafire.com,731-926-9378,Mercedes-Benz,C-Class,tag_renewal,2:30 PM
625,Thursday,Eustacia,Hitzmann,ehitzmannhc@xinhuanet.com,701-986-7656,Land Rover,Discovery,tag_renewal,9:00 AM
626,Tuesday,Karlan,Worgan,kworganhd@shareasale.com,368-723-2297,GMC,Yukon,tag_renewal,
627,Monday,Cherice,Mcwhinnie,cmcwhinniehe@bloomberg.com,525-292-2177,Acura,TL,license_renewal,
628,Tuesday,Goldie,Jodrellec,gjodrellechf@webeden.co.uk,957-379-5168,GMC,Savana 3500,tag_renewal,8:30 AM
629,,Godart,Ronaghan,gronaghanhg@rambler.ru,388-307-6271,Dodge,Ram Van 3500,license_renewal,8:00 AM
630,Tuesday,Drucy,Shade,dshadehh@vimeo.com,351-462-4551,Chevrolet,Tahoe,license_renewal,2:30 PM
631,,Ad,Waszczyk,awaszczykhi@google.cn,228-589-1756,Chevrolet,Express 2500,license_renewal,2:30 PM
632,,Faydra,Brookwood,fbrookwoodhj@ebay.com,766-441-5978,GMC,Envoy,license_renewal,11:30 AM
633,Wednesday,Marjory,Vickery,mvickeryhk@google.co.uk,326-910-0668,Dodge,Ram 3500 Club,tag_renewal,
634,Friday,Chick,Capstake,ccapstakehl@bizjournals.com,799-230-7690,Mazda,B-Series,tag_renewal,
635,,Marris,Saban,msabanhm@google.de,575-372-6725,Mazda,Mazdaspeed6,tag_renewal,
636,Friday,Verla,Mc Corley,vmccorleyhn@quantcast.com,776-925-9502,Volkswagen,Golf III,license_renewal,
637,Friday,Hermie,Pendle,hpendleho@yandex.ru,940-131-2928,Hyundai,Azera,tag_renewal,
638,,Dag,Newborn,dnewbornhp@google.ru,365-303-2463,Morgan,Aero 8,tag_renewal,
639,,Fidela,Conwell,fconwellhq@1688.com,377-253-4864,Toyota,Tacoma Xtra,tag_renewal,
640,,Toddie,Hartle,thartlehr@hhs.gov,953-517-4685,Chrysler,LeBaron,license_renewal,
641,Wednesday,Krystalle,Blackhall,kblackhallhs@ifeng.com,200-493-7615,Hyundai,Santa Fe,license_renewal,9:00 AM
642,Monday,Coreen,Vasilchikov,cvasilchikovht@xing.com,491-445-8318,Ford,Edge,tag_renewal,1:00 PM
643,,Nannette,Schwandt,nschwandthu@nyu.edu,731-144-7517,Toyota,TundraMax,license_renewal,
644,,Michale,Dmitrichenko,mdmitrichenkohv@nymag.com,113-576-9350,Toyota,Tacoma,license_renewal,
645,,Korney,Debow,kdebowhw@google.ca,277-874-6922,Honda,CR-V,tag_renewal,
646,Tuesday,Carl,Kensington,ckensingtonhx@state.gov,430-381-7463,Suzuki,Swift,tag_renewal,10:30 AM
647,Friday,Charlotte,Ruckhard,cruckhardhy@virginia.edu,353-360-2479,Chevrolet,2500,tag_renewal,8:30 AM
648,Wednesday,Deina,Boydell,dboydellhz@wordpress.org,792-534-7637,Subaru,Tribeca,license_renewal,
649,Monday,Monroe,Renner,mrenneri0@omniture.com,918-990-1665,Buick,LeSabre,tag_renewal,10:30 AM
650,Thursday,Cassie,Yeldon,cyeldoni1@quantcast.com,513-226-5948,Cadillac,Escalade,license_renewal,9:30 AM
651,,Addi,Wethered,awetheredi2@yale.edu,243-890-6989,Mercury,Grand Marquis,license_renewal,
652,Tuesday,Stanly,Timmens,stimmensi3@imdb.com,181-958-5761,Ford,Thunderbird,license_renewal,
653,Tuesday,Axel,Talmadge,atalmadgei4@moonfruit.com,473-636-7809,Nissan,Sentra,tag_renewal,
654,Friday,Moe,Laval,mlavali5@kickstarter.com,210-485-0856,Fillmore,Fillmore,tag_renewal,
655,,Ursala,Lowen,uloweni6@symantec.com,106-205-3443,Jeep,Patriot,tag_renewal,
656,Friday,Timmy,Genge,tgengei7@hugedomains.com,138-249-3696,Chrysler,Pacifica,tag_renewal,
657,Thursday,Salvidor,Manhare,smanharei8@histats.com,706-123-2601,Ford,Edge,license_renewal,
658,,Carry,Dobeson,cdobesoni9@zdnet.com,562-658-9428,Land Rover,Range Rover,license_renewal,1:00 PM
659,,Hubert,Vanyashin,hvanyashinia@cmu.edu,661-935-5582,Austin,Mini Cooper,tag_renewal,1:30 PM
660,Wednesday,Goldie,McParland,gmcparlandib@uol.com.br,554-971-1249,Dodge,Ram 3500,tag_renewal,
661,,Yoko,Smeaton,ysmeatonic@jalbum.net,230-693-5081,Toyota,RAV4,license_renewal,
662,,Danyette,Keeney,dkeeneyid@hostgator.com,573-519-7292,Mitsubishi,Pajero,tag_renewal,10:00 AM
663,Friday,Gigi,McWhirter,gmcwhirterie@woothemes.com,861-530-0561,Dodge,Caravan,tag_renewal,3:00 PM
664,Wednesday,Elsy,Shadrack,eshadrackif@china.com.cn,702-549-0427,Oldsmobile,Toronado,tag_renewal,
665,,Harlen,Wallege,hwallegeig@hc360.com,185-397-2035,Buick,Electra,tag_renewal,
666,Friday,Blair,Siddon,bsiddonih@google.cn,841-751-7305,Ford,Explorer,license_renewal,1:30 PM
667,Monday,Rolf,Starkie,rstarkieii@intel.com,566-419-0677,Chevrolet,Camaro,tag_renewal,2:30 PM
668,,Carmita,Blackmoor,cblackmoorij@cnn.com,294-103-6264,Maserati,228,license_renewal,11:00 AM
669,,Marie-ann,Eagland,meaglandik@cocolog-nifty.com,135-711-2799,Pontiac,Grand Prix,license_renewal,3:00 PM
670,,Poppy,Gissing,pgissingil@marketwatch.com,166-156-0481,Chevrolet,Astro,license_renewal,11:00 AM
671,,Annabell,Bramhill,abramhillim@homestead.com,875-152-5615,Audi,S5,license_renewal,8:00 AM
672,,Cammy,Troop,ctroopin@goo.gl,320-463-0571,Dodge,Ram Van 3500,license_renewal,2:30 PM
673,Friday,Hortensia,Stairmand,hstairmandio@nasa.gov,162-963-0053,Dodge,Challenger,tag_renewal,
674,,Flory,Corbould,fcorbouldip@apache.org,328-191-4139,Chevrolet,Astro,tag_renewal,
675,,Joanna,Crosoer,jcrosoeriq@patch.com,593-375-6612,Plymouth,Breeze,license_renewal,
676,Thursday,Timmie,Hyder,thyderir@rambler.ru,761-260-2817,Ford,Crown Victoria,tag_renewal,8:30 AM
677,Friday,Shaun,Kilminster,skilminsteris@zimbio.com,452-722-0112,Chevrolet,Express 1500,license_renewal,
678,,Jessey,Darlow,jdarlowit@51.la,775-324-0694,Audi,S6,tag_renewal,9:30 AM
679,Thursday,Carolus,Latus,clatusiu@berkeley.edu,937-872-1961,Subaru,B9 Tribeca,tag_renewal,10:00 AM
680,,Thatcher,MacGuiness,tmacguinessiv@dell.com,966-367-6399,Volkswagen,Passat,tag_renewal,
681,,Hardy,Semered,hsemerediw@oakley.com,304-377-2687,GMC,Safari,tag_renewal,12:00 PM
682,,Thebault,Turbayne,tturbayneix@hubpages.com,414-209-0653,Ford,Focus,tag_renewal,2:30 PM
683,Thursday,Elvina,Shropshire,eshropshireiy@so-net.ne.jp,530-530-1551,Ford,Probe,tag_renewal,8:30 AM
684,,Josee,Dillway,jdillwayiz@delicious.com,498-296-2004,Ford,E-Series,tag_renewal,11:30 AM
685,Monday,Tilda,Cairney,tcairneyj0@flickr.com,741-135-8842,GMC,Yukon,tag_renewal,10:30 AM
686,Thursday,Abby,Rehn,arehnj1@naver.com,162-685-9364,Scion,xD,license_renewal,
687,Tuesday,Halsy,Sewart,hsewartj2@senate.gov,358-237-0817,GMC,Terrain,tag_renewal,
688,Thursday,Iolande,Mithan,imithanj3@foxnews.com,367-133-3593,Lexus,RX,license_renewal,1:00 PM
689,,Aarika,Bangiard,abangiardj4@jugem.jp,468-343-3483,Ford,Taurus,license_renewal,10:30 AM
690,,Dianna,Maclaine,dmaclainej5@google.pl,983-431-8626,Suzuki,Esteem,license_renewal,2:30 PM
691,,Vidovik,Bertenshaw,vbertenshawj6@rediff.com,257-143-8428,Toyota,Land Cruiser,license_renewal,2:00 PM
692,Tuesday,Dorine,Huggens,dhuggensj7@edublogs.org,454-407-5126,Nissan,Pathfinder,tag_renewal,3:00 PM
693,,Gav,Barehead,gbareheadj8@surveymonkey.com,335-575-1351,Ford,Thunderbird,license_renewal,12:00 PM
694,Monday,Stevana,Haighton,shaightonj9@nydailynews.com,240-871-2154,Dodge,Ram 2500 Club,tag_renewal,
695,Tuesday,Brena,Rides,bridesja@dell.com,846-565-0347,Nissan,Sentra,license_renewal,1:00 PM
696,,Cheri,Antonich,cantonichjb@drupal.org,291-293-5931,Honda,Odyssey,license_renewal,2:00 PM
697,,Barbaraanne,O'Cuddie,bocuddiejc@mozilla.org,245-406-3565,Audi,A3,tag_renewal,1:30 PM
698,,Virginie,Warmisham,vwarmishamjd@ameblo.jp,806-412-3764,Nissan,200SX,tag_renewal,
699,Wednesday,Jane,Thoma,jthomaje@ihg.com,134-513-2243,Honda,CR-V,license_renewal,
700,Thursday,Leonhard,Raphael,lraphaeljf@home.pl,719-917-3429,Mercedes-Benz,CLS-Class,license_renewal,
701,,Inglis,Haddington,ihaddingtonjg@nature.com,968-776-1642,Suzuki,Sidekick,tag_renewal,
702,,Brnaba,Wilcock,bwilcockjh@marketwatch.com,262-775-8820,Suzuki,SJ,tag_renewal,1:30 PM
703,Thursday,Holmes,Lemery,hlemeryji@tumblr.com,201-607-8646,Mitsubishi,GTO,license_renewal,
704,Thursday,Dalton,Gauvain,dgauvainjj@pagesperso-orange.fr,442-866-4758,Honda,CR-V,license_renewal,9:30 AM
705,Friday,Sean,Weepers,sweepersjk@buzzfeed.com,122-312-9096,Audi,V8,tag_renewal,
706,Tuesday,Hilton,Bussy,hbussyjl@geocities.com,834-596-4857,Mercedes-Benz,S-Class,tag_renewal,1:00 PM
707,,Colver,Anscombe,canscombejm@sohu.com,986-545-9608,Suzuki,Daewoo Lacetti,tag_renewal,11:00 AM
708,Thursday,Massimiliano,Knowles,mknowlesjn@mit.edu,213-122-1600,Lincoln,Continental Mark VII,license_renewal,
709,Friday,Chen,de la Tremoille,cdelatremoillejo@github.io,841-386-5248,Pontiac,Bonneville,tag_renewal,
710,Tuesday,Jarib,Feehan,jfeehanjp@printfriendly.com,291-588-8738,BMW,M6,license_renewal,12:30 PM
711,,Nan,Francesch,nfranceschjq@columbia.edu,739-663-3009,Hyundai,Accent,license_renewal,
712,Monday,Niccolo,Grishakin,ngrishakinjr@paginegialle.it,494-270-7151,Isuzu,Amigo,tag_renewal,12:00 PM
713,Monday,Kristen,Neild,kneildjs@eepurl.com,770-462-3393,Mercedes-Benz,W201,tag_renewal,11:00 AM
714,Monday,Sydelle,Enevold,senevoldjt@deliciousdays.com,847-626-3071,Subaru,Leone,license_renewal,
715,,Krissie,Labarre,klabarreju@ning.com,805-646-3957,Ford,Torino,license_renewal,
716,,Sheffy,Triggle,strigglejv@1und1.de,187-888-4886,Nissan,Maxima,tag_renewal,
717,Wednesday,Skelly,Downing,sdowningjw@yelp.com,958-796-7380,Volkswagen,Passat,tag_renewal,2:00 PM
718,Wednesday,Milicent,Bewick,mbewickjx@cargocollective.com,504-293-1355,Maybach,57,license_renewal,11:00 AM
719,Thursday,Loria,Sheed,lsheedjy@storify.com,653-254-1867,Toyota,Corolla,license_renewal,
720,,Ingar,Laker,ilakerjz@shareasale.com,931-825-4043,Ford,Mustang,license_renewal,
721,Wednesday,Kev,Hriinchenko,khriinchenkok0@furl.net,920-435-8230,Lexus,SC,tag_renewal,11:00 AM
722,,Joycelin,Rawlyns,jrawlynsk1@ning.com,900-779-2231,Acura,RSX,license_renewal,10:30 AM
723,Wednesday,Korey,Elmhurst,kelmhurstk2@github.io,726-895-3164,Buick,Regal,license_renewal,
724,Friday,Greg,Wilton,gwiltonk3@gmpg.org,325-387-4627,GMC,Sierra 2500,license_renewal,
725,Thursday,Taffy,Etherson,tethersonk4@latimes.com,158-780-5404,Honda,Civic,tag_renewal,
726,,Kimberly,Lenglet,klengletk5@gmpg.org,416-156-5413,Mercury,Mariner,tag_renewal,
727,Thursday,Skye,Golly,sgollyk6@nydailynews.com,933-151-8678,Mazda,Familia,license_renewal,3:00 PM
728,Thursday,Jojo,Turbard,jturbardk7@storify.com,289-453-0885,Land Rover,Range Rover Sport,tag_renewal,
729,,Ethe,Gallaher,egallaherk8@independent.co.uk,156-347-3657,Nissan,350Z,license_renewal,1:00 PM
730,Monday,Abramo,Schaffel,aschaffelk9@weebly.com,911-407-4774,Volkswagen,Jetta,tag_renewal,8:30 AM
731,Friday,Sholom,Paolicchi,spaolicchika@pinterest.com,132-301-0162,Chrysler,Voyager,license_renewal,10:00 AM
732,,Gretal,Brownsea,gbrownseakb@ed.gov,412-599-6923,Lincoln,Town Car,license_renewal,
733,,Natalina,Browne,nbrownekc@t.co,978-523-8621,Nissan,Murano,tag_renewal,
734,,Lavena,De Ambrosi,ldeambrosikd@eventbrite.com,273-961-3383,Chrysler,PT Cruiser,license_renewal,8:00 AM
735,Tuesday,Celeste,Dinzey,cdinzeyke@tinyurl.com,647-676-4033,Lincoln,Mark VII,license_renewal,
736,Thursday,Lotti,Marcinkus,lmarcinkuskf@businessinsider.com,573-889-2725,Ford,F-Series,license_renewal,8:30 AM
737,,Eva,Sidney,esidneykg@ezinearticles.com,620-748-5087,Ford,Five Hundred,tag_renewal,
738,Tuesday,Rhea,Vidgen,rvidgenkh@apache.org,422-933-2241,Mercury,Cougar,tag_renewal,2:30 PM
739,,Henrie,Liddicoat,hliddicoatki@imdb.com,739-412-6338,Acura,RL,license_renewal,9:00 AM
740,Thursday,Isidora,Cheng,ichengkj@desdev.cn,126-963-4379,Land Rover,Range Rover Sport,license_renewal,2:00 PM
741,,Powell,Frostdick,pfrostdickkk@51.la,588-271-0857,Ford,F250,license_renewal,
742,,Hamlin,Stannett,hstannettkl@cargocollective.com,921-218-6383,Audi,A8,tag_renewal,
743,Wednesday,Vonnie,Giriardelli,vgiriardellikm@mediafire.com,242-753-0454,Mercury,Mariner,license_renewal,
744,,Theo,Huet,thuetkn@simplemachines.org,155-895-3330,Porsche,944,tag_renewal,
745,Tuesday,Cally,Cox,ccoxko@cocolog-nifty.com,596-772-1990,GMC,Canyon,tag_renewal,
746,,Dillon,Gonsalvo,dgonsalvokp@gnu.org,375-535-3801,GMC,Rally Wagon 2500,tag_renewal,
747,Monday,Howey,Queste,hquestekq@prlog.org,444-436-8618,Scion,tC,license_renewal,1:00 PM
748,Wednesday,Georgeanne,Durber,gdurberkr@ucoz.ru,382-105-4042,Chevrolet,Silverado 3500,license_renewal,10:30 AM
749,,Melitta,Mish,mmishks@jigsy.com,745-411-5630,Audi,A4,tag_renewal,
750,Wednesday,Gilberta,Drohan,gdrohankt@etsy.com,197-578-5824,Mercedes-Benz,SLK-Class,license_renewal,
751,Friday,Reeba,Stedman,rstedmanku@wiley.com,972-319-7095,Volkswagen,Jetta,license_renewal,
752,,Rici,Dell 'Orto,rdellortokv@nifty.com,332-466-3206,Cadillac,Escalade ESV,tag_renewal,
753,,Pasquale,Pecha,ppechakw@europa.eu,856-508-0600,Mitsubishi,Endeavor,tag_renewal,11:30 AM
754,Friday,Grissel,Swatman,gswatmankx@google.co.uk,721-722-6583,Audi,A8,tag_renewal,11:30 AM
755,,Derwin,Grinyakin,dgrinyakinky@naver.com,836-617-0566,Chevrolet,Equinox,license_renewal,2:00 PM
756,Wednesday,Tomaso,Halm,thalmkz@newsvine.com,953-200-9371,Subaru,Leone,license_renewal,
757,,Genevra,Girdlestone,ggirdlestonel0@pcworld.com,664-521-7116,Ford,GT500,tag_renewal,9:30 AM
758,Thursday,Gretal,Mee,gmeel1@pcworld.com,659-672-2359,Audi,A3,tag_renewal,
759,,Iggy,Walkling,iwalklingl2@eventbrite.com,270-462-8857,MINI,Cooper,license_renewal,10:30 AM
760,,Andy,Roskelly,aroskellyl3@indiegogo.com,799-355-2734,Mitsubishi,3000GT,tag_renewal,
761,,Dru,Jurasz,djuraszl4@discovery.com,280-888-9955,Mazda,626,tag_renewal,11:30 AM
762,,Prentiss,Bleasdille,pbleasdillel5@mail.ru,991-844-3697,Mazda,B-Series Plus,license_renewal,1:00 PM
763,,Morley,Featherbie,mfeatherbiel6@xrea.com,241-208-8191,Mazda,Mazda6,tag_renewal,
764,,Goddart,Antonomoli,gantonomolil7@thetimes.co.uk,184-248-5287,Chevrolet,Express,tag_renewal,
765,,Jewell,Huygen,jhuygenl8@springer.com,418-280-4305,Toyota,Corolla,license_renewal,
766,Wednesday,Kristoffer,Manueli,kmanuelil9@soup.io,309-170-0348,Pontiac,6000,tag_renewal,
767,Wednesday,Arabel,Buret,aburetla@cargocollective.com,153-806-4038,Dodge,Ram 1500,license_renewal,9:30 AM
768,Thursday,Doretta,Lillegard,dlillegardlb@shop-pro.jp,344-902-6957,Nissan,Altima,license_renewal,9:00 AM
769,,Joscelin,O'Crotty,jocrottylc@auda.org.au,225-248-3547,Hummer,H2,tag_renewal,10:30 AM
770,Thursday,Demetria,Riste,dristeld@boston.com,270-344-0849,Land Rover,Freelander,license_renewal,1:30 PM
771,,Noelle,Scandrite,nscandritele@smh.com.au,161-189-1840,Buick,Regal,license_renewal,
772,,Carmon,Borles,cborleslf@utexas.edu,987-146-4125,Hyundai,Equus,license_renewal,
773,,Melly,Edmonstone,medmonstonelg@freewebs.com,372-699-4150,Ford,LTD Crown Victoria,tag_renewal,11:30 AM
774,,Quint,Nurden,qnurdenlh@loc.gov,321-978-6236,Ford,Mustang,tag_renewal,3:00 PM
775,Tuesday,Phylis,Spearing,pspearingli@devhub.com,316-588-4257,Plymouth,Grand Voyager,license_renewal,12:30 PM
776,,Corby,Sirl,csirllj@arstechnica.com,660-384-0231,Chevrolet,Sportvan G20,tag_renewal,
777,,Kennedy,MacTague,kmactaguelk@pagesperso-orange.fr,969-598-4387,Dodge,Stratus,license_renewal,2:30 PM
778,Tuesday,Yank,Heinlein,yheinleinll@ucla.edu,302-832-5229,Kia,Sedona,license_renewal,1:00 PM
779,Friday,Myrlene,Crossley,mcrossleylm@hostgator.com,781-439-4353,Subaru,Justy,license_renewal,
780,Thursday,Viviana,Howgate,vhowgateln@washington.edu,935-508-4561,Kia,Sedona,tag_renewal,
781,,Nicolette,Coller,ncollerlo@twitter.com,339-189-4951,Land Rover,Discovery,tag_renewal,
782,Friday,Kimberlyn,Dawtre,kdawtrelp@bloglovin.com,943-570-3530,GMC,Sierra 1500,license_renewal,12:00 PM
783,,L;urette,Milthorpe,lmilthorpelq@prnewswire.com,573-353-5602,Ferrari,California,license_renewal,12:30 PM
784,,Pooh,Coyte,pcoytelr@nih.gov,803-819-7506,Jaguar,XJ Series,license_renewal,
785,Tuesday,Chic,Olford,colfordls@salon.com,419-433-6556,Volvo,C70,tag_renewal,11:30 AM
786,Friday,Elfrieda,Jakeway,ejakewaylt@answers.com,171-341-1463,Mercury,Grand Marquis,license_renewal,3:00 PM
787,Friday,Meg,Klebes,mklebeslu@skyrock.com,426-296-3898,Dodge,Intrepid,tag_renewal,1:00 PM
788,Wednesday,Morissa,Sivorn,msivornlv@businessinsider.com,702-986-2633,Dodge,Nitro,tag_renewal,
789,,Nilson,Killoran,nkilloranlw@ifeng.com,989-374-4213,Mercury,Sable,tag_renewal,12:30 PM
790,,Chanda,Ravenhill,cravenhilllx@prnewswire.com,858-134-5454,Mercedes-Benz,Sprinter 3500,tag_renewal,10:00 AM
791,,Lonni,Elms,lelmsly@dion.ne.jp,332-775-1554,Buick,Regal,license_renewal,9:30 AM
792,Thursday,Nickey,Rhodus,nrhoduslz@tinypic.com,595-740-6415,Chevrolet,G-Series 2500,tag_renewal,
793,Thursday,Martynne,Amyes,mamyesm0@home.pl,569-141-9238,Aston Martin,DB9,tag_renewal,
794,,Ottilie,Adcock,oadcockm1@seattletimes.com,338-562-8613,Chevrolet,Avalanche 1500,tag_renewal,1:00 PM
795,,Jenny,Mathet,jmathetm2@aboutads.info,705-148-3959,Chevrolet,G-Series G30,tag_renewal,
796,Friday,Daphene,Easton,deastonm3@psu.edu,927-278-8931,Kia,Sorento,tag_renewal,1:30 PM
797,,Wendy,Tripney,wtripneym4@flickr.com,214-715-9274,Chevrolet,G-Series 1500,tag_renewal,10:30 AM
798,Thursday,Seana,Cleugh,scleughm5@bandcamp.com,992-390-4559,Buick,Regal,license_renewal,
799,Thursday,Yale,Rawsthorne,yrawsthornem6@cbsnews.com,555-880-7487,Mitsubishi,Galant,tag_renewal,
800,Thursday,Didi,Willerton,dwillertonm7@answers.com,978-878-2232,Kia,Spectra,license_renewal,8:00 AM
801,Wednesday,Ella,Yukhnevich,eyukhnevichm8@yandex.ru,675-736-4418,Land Rover,Range Rover,tag_renewal,10:30 AM
802,,Missy,Yeldon,myeldonm9@shareasale.com,680-516-2613,Volvo,XC70,license_renewal,8:30 AM
803,,Callie,O'Luney,coluneyma@disqus.com,700-111-6834,Ferrari,612 Scaglietti,tag_renewal,12:30 PM
804,,Patti,Rickertsen,prickertsenmb@goodreads.com,425-898-0101,Chevrolet,HHR,license_renewal,3:00 PM
805,Monday,Melesa,Burtwell,mburtwellmc@friendfeed.com,295-459-9439,Chevrolet,Tahoe,license_renewal,
806,,Tatiana,Hickisson,thickissonmd@bbb.org,212-977-7970,GMC,Suburban 2500,license_renewal,2:30 PM
807,,Clerc,Struther,cstrutherme@sciencedirect.com,488-145-5094,Kia,Optima,license_renewal,
808,Thursday,Rad,Lyfield,rlyfieldmf@pagesperso-orange.fr,357-840-0349,Ram,3500,license_renewal,
809,Friday,Falito,Tanman,ftanmanmg@nsw.gov.au,239-926-5814,BMW,X5,tag_renewal,2:30 PM
810,Wednesday,Hubey,Whitmell,hwhitmellmh@1688.com,939-818-0104,Mitsubishi,Lancer,license_renewal,11:30 AM
811,,Matilde,Jeanet,mjeanetmi@amazonaws.com,756-734-1759,Nissan,Rogue,license_renewal,
812,,Skippy,Ferreli,sferrelimj@blogtalkradio.com,322-329-9958,GMC,Savana 1500,license_renewal,11:00 AM
813,,Jenny,Epilet,jepiletmk@nhs.uk,787-824-9200,Ferrari,599 GTB Fiorano,tag_renewal,8:30 AM
814,Tuesday,Aida,Barbrick,abarbrickml@utexas.edu,646-437-8415,Mercury,Grand Marquis,license_renewal,
815,Tuesday,Marsiella,Kennifick,mkennifickmm@xinhuanet.com,171-371-9980,Mitsubishi,Truck,license_renewal,2:00 PM
816,,Inglebert,Charge,ichargemn@mediafire.com,961-637-9590,Mercedes-Benz,400SE,license_renewal,8:30 AM
817,,Chery,Potzold,cpotzoldmo@chicagotribune.com,297-957-4630,Chevrolet,Express 2500,license_renewal,12:30 PM
818,,Fina,de Clerc,fdeclercmp@is.gd,912-894-8434,Jeep,Liberty,tag_renewal,11:00 AM
819,Thursday,Ruthi,Samwaye,rsamwayemq@fema.gov,903-759-9432,Chevrolet,Corvette,tag_renewal,3:00 PM
820,Wednesday,Ajay,Leggott,aleggottmr@addthis.com,250-751-1927,Volvo,940,license_renewal,
821,Tuesday,Ellene,Tamas,etamasms@berkeley.edu,924-800-3714,Isuzu,Rodeo,tag_renewal,12:30 PM
822,Friday,Helen-elizabeth,Dri,hdrimt@google.pl,618-854-9032,Toyota,Tundra,tag_renewal,11:30 AM
823,,Kurtis,Stenson,kstensonmu@hp.com,355-256-8124,Audi,S5,license_renewal,
824,,Mike,Duckinfield,mduckinfieldmv@globo.com,542-637-6155,Austin,Mini Cooper S,tag_renewal,8:00 AM
825,Friday,Bride,Wegener,bwegenermw@ovh.net,689-433-2775,Subaru,Legacy,tag_renewal,12:00 PM
826,,Remus,Hanscomb,rhanscombmx@ifeng.com,220-490-0537,Chevrolet,Corvette,tag_renewal,
827,Friday,Pen,O'Gleasane,pogleasanemy@wordpress.org,593-244-7980,Mercury,Sable,license_renewal,
828,Tuesday,Sibyl,Harbertson,sharbertsonmz@desdev.cn,734-185-5861,Volvo,V40,license_renewal,9:00 AM
829,Friday,Karia,Boays,kboaysn0@slideshare.net,785-277-2490,Cadillac,Escalade,license_renewal,2:30 PM
830,Thursday,Marigold,Hunter,mhuntern1@indiatimes.com,389-474-1894,Toyota,Previa,tag_renewal,2:00 PM
831,,Durand,Seak,dseakn2@4shared.com,943-568-6833,Lincoln,MKT,license_renewal,11:30 AM
832,Monday,Elroy,MacCostigan,emaccostigann3@latimes.com,715-757-5086,Chevrolet,Monza,license_renewal,
833,,Skelly,Courtonne,scourtonnen4@apache.org,327-948-1802,Scion,xA,tag_renewal,10:30 AM
834,Tuesday,Traci,Swaisland,tswaislandn5@nih.gov,595-794-6050,Toyota,Highlander,license_renewal,
835,,Felicia,Saw,fsawn6@etsy.com,357-847-8639,Saab,9-7X,tag_renewal,
836,,Angeline,Simondson,asimondsonn7@g.co,728-658-0416,Infiniti,FX,license_renewal,8:30 AM
837,,Hayley,Landrick,hlandrickn8@boston.com,978-569-0856,Audi,A5,license_renewal,1:30 PM
838,,Jay,Kira,jkiran9@marriott.com,581-677-4291,BMW,7 Series,tag_renewal,
839,Friday,Brockie,Gethouse,bgethousena@ameblo.jp,734-443-1124,Saturn,Astra,tag_renewal,1:30 PM
840,,Nannie,O'Hartagan,nohartagannb@nytimes.com,677-525-8976,Volvo,V50,tag_renewal,
841,Tuesday,Billy,Brozek,bbrozeknc@typepad.com,412-665-4542,BMW,3 Series,license_renewal,
842,,Aubrie,Lasseter,alasseternd@latimes.com,451-654-4363,GMC,Vandura 1500,tag_renewal,
843,Tuesday,Drusie,Kelso,dkelsone@huffingtonpost.com,928-101-3425,BMW,Z8,tag_renewal,1:00 PM
844,,Wilhelmina,Fawlo,wfawlonf@xinhuanet.com,773-934-0907,Ford,F350,license_renewal,
845,,Mateo,Vance,mvanceng@pbs.org,687-634-5610,Lamborghini,Gallardo,tag_renewal,10:30 AM
846,Tuesday,Caryn,Cordelet,ccordeletnh@geocities.jp,568-716-6766,GMC,Sierra 1500,license_renewal,9:30 AM
847,Tuesday,Joanie,Levi,jlevini@1und1.de,918-211-1039,Saab,9000,license_renewal,8:00 AM
848,,Jessie,Guillon,jguillonnj@webnode.com,191-983-2931,GMC,Sierra 3500,tag_renewal,3:00 PM
849,,Herby,Oakeshott,hoakeshottnk@tuttocitta.it,721-945-3619,Hyundai,XG350,tag_renewal,11:30 AM
850,,Dickie,Boshere,dbosherenl@huffingtonpost.com,203-958-2800,Ford,F-Series,license_renewal,8:30 AM
851,Thursday,Dare,Fealey,dfealeynm@tripadvisor.com,678-127-6954,Oldsmobile,Silhouette,license_renewal,8:00 AM
852,Tuesday,Freddy,Fay,ffaynn@bbc.co.uk,866-155-7267,Pontiac,Grand Prix,tag_renewal,11:30 AM
853,Wednesday,Rivalee,Truswell,rtruswellno@omniture.com,520-650-5057,Ford,Mustang,license_renewal,
854,Monday,Bertrand,Dangl,bdanglnp@github.io,851-559-5180,Suzuki,Aerio,tag_renewal,10:00 AM
855,,Xenos,Brickham,xbrickhamnq@geocities.com,948-671-0095,Nissan,300ZX,license_renewal,
856,Friday,Gwenni,Sattin,gsattinnr@yellowpages.com,234-235-4928,Ford,E250,license_renewal,2:00 PM
857,Monday,Elsinore,Edwick,eedwickns@joomla.org,107-439-1018,Toyota,Tundra,license_renewal,2:00 PM
858,Wednesday,Killie,Moar,kmoarnt@latimes.com,837-825-8004,Audi,Allroad,tag_renewal,2:30 PM
859,Thursday,Rufe,Gouldbourn,rgouldbournnu@cargocollective.com,954-297-7021,Lincoln,Aviator,tag_renewal,
860,Wednesday,Marleah,Salazar,msalazarnv@istockphoto.com,895-330-1795,Lotus,Esprit,tag_renewal,
861,Wednesday,Griffith,Bugg,gbuggnw@w3.org,584-491-4240,Audi,Cabriolet,license_renewal,
862,,Pru,Linskey,plinskeynx@aboutads.info,342-612-2477,Volkswagen,Cabriolet,tag_renewal,
863,Tuesday,Catrina,Abbotts,cabbottsny@phpbb.com,382-557-2644,Land Rover,LR2,license_renewal,
864,,Nikki,Sulland,nsullandnz@homestead.com,929-449-7589,Chevrolet,Venture,tag_renewal,9:00 AM
865,Friday,Elsey,Canero,ecaneroo0@tmall.com,992-109-6233,Ford,Focus,tag_renewal,
866,Monday,Griffie,Balmforth,gbalmfortho1@dmoz.org,969-218-0823,Mazda,RX-7,license_renewal,10:30 AM
867,Tuesday,Avie,Messruther,amessruthero2@4shared.com,897-227-1767,BMW,M3,license_renewal,12:00 PM
868,Monday,Reid,Jessup,rjessupo3@unblog.fr,774-820-8520,Hyundai,Tiburon,license_renewal,
869,Friday,Cedric,Brimilcombe,cbrimilcombeo4@sfgate.com,724-213-2336,Lincoln,Continental Mark VII,tag_renewal,
870,Thursday,Maxim,Dewis,mdewiso5@over-blog.com,845-653-5399,Toyota,T100,license_renewal,1:00 PM
871,,Web,Keeping,wkeepingo6@seattletimes.com,464-898-2444,BMW,1 Series,license_renewal,
872,Thursday,Burlie,Milbourn,bmilbourno7@sourceforge.net,856-723-0807,Acura,Vigor,license_renewal,
873,,Bellina,Meijer,bmeijero8@amazon.de,424-534-8908,Volkswagen,Touareg 2,license_renewal,2:30 PM
874,Monday,Odilia,Stagg,ostaggo9@github.io,929-129-3737,Dodge,Grand Caravan,tag_renewal,
875,,Mechelle,MacTrustam,mmactrustamoa@friendfeed.com,852-375-9576,Chevrolet,Venture,tag_renewal,
876,Tuesday,Francoise,Olifard,folifardob@ucla.edu,797-599-2992,Jeep,Commander,license_renewal,2:30 PM
877,,Muhammad,Davidow,mdavidowoc@accuweather.com,906-546-0807,Chevrolet,Avalanche 2500,tag_renewal,2:30 PM
878,,Lorens,Hartfield,lhartfieldod@4shared.com,444-440-0502,Ford,Mustang,license_renewal,
879,,Tracie,Drever,tdreveroe@rakuten.co.jp,925-819-9312,Kia,Optima,tag_renewal,8:30 AM
880,,Wilhelmine,Kopf,wkopfof@gov.uk,536-284-7482,Volkswagen,Golf,tag_renewal,1:30 PM
881,Monday,Mill,Robuchon,mrobuchonog@deviantart.com,163-463-5203,Lexus,IS,license_renewal,2:30 PM
882,,Esteban,Billanie,ebillanieoh@eventbrite.com,177-602-5661,Ford,F250,tag_renewal,8:30 AM
883,Friday,Dallis,Sannes,dsannesoi@artisteer.com,998-514-8922,Infiniti,Q,license_renewal,8:00 AM
884,Thursday,Bendix,Du Barry,bdubarryoj@furl.net,316-207-7506,Pontiac,Bonneville,license_renewal,
885,,Chandler,Puleston,cpulestonok@ucsd.edu,454-522-8018,Audi,A8,license_renewal,11:00 AM
886,Thursday,Kandy,Povlsen,kpovlsenol@yellowpages.com,482-805-0054,GMC,Envoy XL,license_renewal,
887,,Kaja,Everix,keverixom@guardian.co.uk,215-988-5943,GMC,Yukon XL,tag_renewal,
888,Thursday,Carline,Melliard,cmelliardon@pcworld.com,841-886-0560,Volkswagen,Jetta,license_renewal,9:00 AM
889,,Channa,Korejs,ckorejsoo@addthis.com,875-953-7935,Nissan,Altima,license_renewal,
890,,Welbie,Guise,wguiseop@arstechnica.com,615-192-8688,Mercedes-Benz,CLK-Class,license_renewal,2:00 PM
891,,Talia,Setter,tsetteroq@wisc.edu,754-987-6742,BMW,6 Series,tag_renewal,1:30 PM
892,Tuesday,Rossie,Frend,rfrendor@uiuc.edu,415-733-0881,Nissan,Maxima,tag_renewal,
893,,Marys,Drust,mdrustos@yelp.com,662-726-2649,Saab,900,license_renewal,2:30 PM
894,Wednesday,Birk,Tyreman,btyremanot@netlog.com,743-836-7831,Toyota,Corolla,tag_renewal,
895,,Ingunna,Pedrozzi,ipedrozziou@icio.us,368-293-5641,Mazda,Familia,license_renewal,
896,Monday,Kellyann,Longhorne,klonghorneov@rakuten.co.jp,721-669-9316,Aston Martin,V12 Vantage,tag_renewal,
897,Thursday,Brody,Maffei,bmaffeiow@storify.com,507-554-6283,Mercury,Grand Marquis,tag_renewal,
898,,Koralle,Crothers,kcrothersox@lulu.com,759-127-6274,Lincoln,Aviator,license_renewal,
899,,Roxi,Mitkcov,rmitkcovoy@blogs.com,423-921-2634,Lexus,SC,tag_renewal,
900,Tuesday,Clemente,Roper,croperoz@dailymail.co.uk,495-670-5750,Ford,F-Series Super Duty,tag_renewal,
901,,Burty,Crutchley,bcrutchleyp0@posterous.com,607-199-2273,Chevrolet,Express 1500,tag_renewal,
902,,Mariellen,Asken,maskenp1@apple.com,483-755-5568,Mercedes-Benz,S-Class,tag_renewal,
903,Tuesday,Adrianne,Millington,amillingtonp2@wix.com,351-760-2274,Chevrolet,Blazer,license_renewal,8:00 AM
904,,Storm,Bracknell,sbracknellp3@shutterfly.com,877-638-7279,Hyundai,Sonata,license_renewal,
905,Tuesday,Arleta,Klees,akleesp4@domainmarket.com,326-508-7607,Plymouth,Neon,license_renewal,
906,,Daniele,Ogdahl,dogdahlp5@nasa.gov,490-131-8916,Audi,S5,license_renewal,
907,,Brooks,Dand,bdandp6@uiuc.edu,973-112-9419,Chrysler,Town & Country,tag_renewal,
908,,Shaine,Fowlestone,sfowlestonep7@wikispaces.com,182-363-2026,Ford,Focus,license_renewal,
909,,Kiele,Poletto,kpolettop8@i2i.jp,818-306-7071,Ford,Edge,tag_renewal,3:00 PM
910,,Cris,Jillins,cjillinsp9@digg.com,223-424-0713,Honda,Odyssey,tag_renewal,
911,Thursday,Magdaia,Bratcher,mbratcherpa@blinklist.com,638-847-5788,Chrysler,PT Cruiser,tag_renewal,10:00 AM
912,Friday,Tremayne,Mattusevich,tmattusevichpb@businessweek.com,904-857-7656,Buick,Electra,tag_renewal,
913,Monday,Baxie,Gulk,bgulkpc@drupal.org,617-504-2554,Mitsubishi,Galant,license_renewal,1:00 PM
914,,Lea,Matantsev,lmatantsevpd@stanford.edu,648-147-7522,Land Rover,Discovery,license_renewal,
915,,Rhodie,Pordal,rpordalpe@cyberchimps.com,388-972-1251,Plymouth,Neon,license_renewal,3:00 PM
916,Friday,Wain,Stellin,wstellinpf@google.ca,227-843-9544,Scion,tC,license_renewal,11:00 AM
917,,Cullen,Beaten,cbeatenpg@godaddy.com,734-818-2650,Ferrari,599 GTB Fiorano,license_renewal,
918,,Lauryn,Matthisson,lmatthissonph@google.com.br,819-453-6590,Ford,Focus,tag_renewal,
919,Friday,Brandtr,Orae,boraepi@gnu.org,474-707-7057,Mercedes-Benz,CLK-Class,license_renewal,3:00 PM
920,,Colman,Leversha,clevershapj@google.fr,844-958-7091,Nissan,Frontier,tag_renewal,1:00 PM
921,,Estrella,Hambling,ehamblingpk@theglobeandmail.com,661-657-4422,Mercury,Capri,license_renewal,12:00 PM
922,Monday,Layla,Whitlow,lwhitlowpl@cpanel.net,998-187-9823,Chevrolet,Silverado 2500,tag_renewal,
923,Thursday,Etta,Winmill,ewinmillpm@pagesperso-orange.fr,724-881-8701,Mazda,CX-7,license_renewal,3:00 PM
924,,Dina,Beachem,dbeachempn@example.com,212-352-3722,Rolls-Royce,Phantom,tag_renewal,
925,,Zaccaria,Mutter,zmutterpo@tumblr.com,420-187-0000,Infiniti,FX,tag_renewal,
926,Wednesday,Marybelle,Shipman,mshipmanpp@livejournal.com,111-191-8752,BMW,M5,tag_renewal,10:00 AM
927,,Nora,Holcroft,nholcroftpq@scribd.com,897-205-0387,Pontiac,Aztek,tag_renewal,2:30 PM
928,Friday,Hanny,Wanka,hwankapr@vimeo.com,395-652-0425,Panoz,Esperante,license_renewal,10:30 AM
929,,Jarrad,Varley,jvarleyps@theatlantic.com,733-272-1855,Infiniti,QX,license_renewal,
930,,Myrtice,Tembridge,mtembridgept@so-net.ne.jp,686-898-6914,Lexus,LS,license_renewal,
931,,Pansie,Darell,pdarellpu@va.gov,806-169-5387,Kia,Carens,license_renewal,
932,Wednesday,Christoforo,Bleazard,cbleazardpv@uol.com.br,483-257-9410,Ford,Escort,license_renewal,
933,Tuesday,Tyler,Blinman,tblinmanpw@amazonaws.com,328-386-4873,BMW,5 Series,license_renewal,2:30 PM
934,Monday,Stella,Haresnape,sharesnapepx@usda.gov,710-957-0202,Kia,Rondo,tag_renewal,8:30 AM
935,Monday,Dewain,Grafton-Herbert,dgraftonherbertpy@amazon.co.jp,898-850-4280,Mercedes-Benz,SL-Class,license_renewal,9:30 AM
936,Monday,Toddy,Probate,tprobatepz@bigcartel.com,959-293-3272,Ford,Explorer,license_renewal,
937,Thursday,Rube,Sennett,rsennettq0@umich.edu,216-139-3315,BMW,M,tag_renewal,
938,,Chrisse,Warbey,cwarbeyq1@delicious.com,285-853-2025,Toyota,4Runner,license_renewal,
939,,Angeli,Kemsley,akemsleyq2@yellowpages.com,887-874-0368,Hyundai,Entourage,tag_renewal,9:30 AM
940,Thursday,Diannne,Causton,dcaustonq3@homestead.com,992-878-3663,Chevrolet,Silverado,tag_renewal,10:30 AM
941,Monday,Valerye,Cockings,vcockingsq4@apache.org,725-992-3479,Mitsubishi,Lancer,license_renewal,
942,,Anneliese,Sunman,asunmanq5@huffingtonpost.com,712-461-2853,Ford,Explorer Sport Trac,license_renewal,11:30 AM
943,Wednesday,Sadella,Olman,solmanq6@seesaa.net,562-972-6309,Cadillac,Seville,tag_renewal,
944,,Bevan,Andor,bandorq7@cpanel.net,238-944-9255,Mazda,MPV,tag_renewal,12:00 PM
945,Monday,Joseito,Poznanski,jpoznanskiq8@miibeian.gov.cn,553-470-3214,Mercury,Cougar,license_renewal,
946,,Joachim,Hopkynson,jhopkynsonq9@census.gov,627-489-2382,Toyota,Corolla,tag_renewal,
947,,Melisent,Daniely,mdanielyqa@usda.gov,715-997-5547,Ford,Taurus,tag_renewal,
948,Thursday,Bale,Bollum,bbollumqb@ameblo.jp,806-940-2938,Ford,Thunderbird,tag_renewal,1:30 PM
949,Friday,Uta,Falla,ufallaqc@discovery.com,112-944-3974,Subaru,Brat,license_renewal,
950,,Madalyn,Dod,mdodqd@reference.com,494-955-9364,Audi,200,tag_renewal,
951,,Edythe,Allright,eallrightqe@tripadvisor.com,707-145-7780,Nissan,Xterra,tag_renewal,
952,,Shoshana,Szymon,sszymonqf@tripod.com,327-131-5915,Isuzu,Rodeo,tag_renewal,
953,Tuesday,Doug,Troucher,dtroucherqg@gnu.org,688-323-5545,Land Rover,Range Rover,tag_renewal,2:30 PM
954,,Mabelle,Corneil,mcorneilqh@newyorker.com,534-923-0052,Lexus,IS,tag_renewal,
955,,Dean,Craigheid,dcraigheidqi@istockphoto.com,407-469-3328,Buick,Park Avenue,tag_renewal,12:30 PM
956,Thursday,Yanaton,Tathacott,ytathacottqj@opensource.org,826-736-3506,Chevrolet,Silverado 3500,license_renewal,
957,Thursday,Talyah,Akram,takramqk@google.fr,189-345-4894,Pontiac,Grand Prix,license_renewal,
958,,Derrick,Cunde,dcundeql@archive.org,852-685-6975,Ford,Explorer,license_renewal,11:30 AM
959,Wednesday,Piotr,Carlin,pcarlinqm@squidoo.com,469-375-2833,Lexus,IS,license_renewal,
960,Tuesday,Brittney,Hilbourne,bhilbourneqn@hc360.com,617-646-7314,Dodge,Ram Van 1500,license_renewal,
961,Tuesday,Dani,Farndale,dfarndaleqo@discovery.com,159-176-5604,BMW,3 Series,tag_renewal,
962,,Frederique,Bentsen,fbentsenqp@stanford.edu,182-205-8561,Acura,RDX,tag_renewal,
963,,Hally,Proudlove,hproudloveqq@globo.com,374-893-6706,Chevrolet,Suburban 2500,license_renewal,
964,,Ulick,Rathbourne,urathbourneqr@cyberchimps.com,735-173-2042,Cadillac,Escalade ESV,tag_renewal,9:00 AM
965,,Cristobal,Rodrigues,crodriguesqs@google.ru,811-432-9774,Isuzu,Trooper,tag_renewal,
966,Wednesday,Alard,Workes,aworkesqt@buzzfeed.com,264-707-0451,BMW,7 Series,tag_renewal,
967,,Ricca,Smidmore,rsmidmorequ@mozilla.com,882-652-9533,Volvo,C70,license_renewal,1:30 PM
968,,Aridatha,Pittet,apittetqv@etsy.com,323-470-6599,Mazda,Tribute,tag_renewal,
969,Tuesday,Veronike,Cronchey,vcroncheyqw@ibm.com,511-321-1969,Dodge,Ram Van 2500,license_renewal,
970,,Robina,Kidson,rkidsonqx@archive.org,812-683-0114,Infiniti,EX,tag_renewal,
971,,Ezmeralda,Speight,espeightqy@arstechnica.com,286-106-8240,GMC,Rally Wagon 3500,license_renewal,
972,,Glory,Simcock,gsimcockqz@naver.com,604-978-3546,Chevrolet,Camaro,tag_renewal,
973,,Kingsley,Ullyott,kullyottr0@amazon.com,586-914-6738,Chevrolet,Silverado Hybrid,tag_renewal,9:00 AM
974,Thursday,Shellysheldon,Fetherby,sfetherbyr1@freewebs.com,648-549-9110,Alfa Romeo,Spider,license_renewal,1:30 PM
975,Tuesday,Brocky,Doggett,bdoggettr2@histats.com,347-817-2144,Toyota,Venza,tag_renewal,1:00 PM
976,,Brady,Arkcoll,barkcollr3@ustream.tv,543-800-9336,Chevrolet,Corvette,license_renewal,
977,,Francoise,Campbell-Dunlop,fcampbelldunlopr4@msu.edu,699-698-4950,Oldsmobile,88,tag_renewal,
978,Tuesday,Reuven,Hingeley,rhingeleyr5@ask.com,822-963-7667,Kia,Optima,tag_renewal,2:00 PM
979,Monday,Gordon,Ferrers,gferrersr6@tuttocitta.it,332-261-4064,Hyundai,Tiburon,tag_renewal,
980,Thursday,Aila,Attridge,aattridger7@ucoz.com,203-723-4094,Mitsubishi,Galant,license_renewal,1:30 PM
981,,Irwin,Sondon,isondonr8@auda.org.au,409-181-9701,Volkswagen,Passat,tag_renewal,11:00 AM
982,,Cayla,Pengilly,cpengillyr9@umn.edu,828-211-4637,Ford,Econoline E350,license_renewal,
983,,Fiona,Greig,fgreigra@psu.edu,887-464-4761,Saab,9-5,license_renewal,
984,,Ody,Dodsley,ododsleyrb@pcworld.com,978-387-5754,Buick,Regal,tag_renewal,
985,,Paulie,Crew,pcrewrc@china.com.cn,711-785-3797,Mercedes-Benz,R-Class,tag_renewal,
986,,Ulla,Hardy-Piggin,uhardypigginrd@army.mil,441-937-2984,Lotus,Esprit,license_renewal,2:30 PM
987,Tuesday,Kean,Cajkler,kcajklerre@elpais.com,814-513-9865,Chevrolet,Corvette,tag_renewal,
988,,Jaime,Purcer,jpurcerrf@bluehost.com,410-528-5111,Mercedes-Benz,SL-Class,tag_renewal,10:00 AM
989,Friday,Zachariah,Andor,zandorrg@prlog.org,752-209-1886,Mazda,929,tag_renewal,
990,Tuesday,Laurene,Croisier,lcroisierrh@engadget.com,835-309-7917,Nissan,200SX,license_renewal,
991,,Merrile,Pallesen,mpallesenri@tamu.edu,641-390-8204,Ford,Explorer,license_renewal,3:00 PM
992,Thursday,Lucila,Cayser,lcayserrj@geocities.com,987-447-4511,Volkswagen,Golf,license_renewal,
993,Wednesday,Alejandra,Stollwerk,astollwerkrk@stumbleupon.com,358-936-9887,Lincoln,Town Car,license_renewal,2:30 PM
994,,Marieann,Downes,mdownesrl@loc.gov,992-126-1862,Dodge,Viper,tag_renewal,11:30 AM
995,,Clemmie,Pikesley,cpikesleyrm@java.com,272-788-7187,Ford,Contour,license_renewal,11:00 AM
996,Friday,Lynna,Garbutt,lgarbuttrn@forbes.com,623-986-7921,Lotus,Elise,license_renewal,
997,Wednesday,Wini,O'Connolly,woconnollyro@ning.com,724-530-0566,Mercury,Capri,license_renewal,
998,,Shirlene,Gosney,sgosneyrp@spiegel.de,505-920-1523,Subaru,Justy,tag_renewal,11:00 AM
999,,Retha,Woodhams,rwoodhamsrq@furl.net,746-588-7059,Mercedes-Benz,SLS-Class,tag_renewal,1:30 PM
1000,,Joachim,Showler,jshowlerrr@youku.com,568-604-4687,Nissan,Titan,tag_renewal,3:00 PM
